"1",0,0,0.989556969110883,"Colon Adenocarcinoma","Blood Derived Normal"
"2",0,0.03125,0.9640325589714,"Colon Adenocarcinoma","Blood Derived Normal"
"3",0,0.0625,0.950271162519188,"Colon Adenocarcinoma","Blood Derived Normal"
"4",0.00192307692307692,0.0625,0.926398074173857,"Colon Adenocarcinoma","Blood Derived Normal"
"5",0.00192307692307692,0.09375,0.923807012381472,"Colon Adenocarcinoma","Blood Derived Normal"
"6",0.00192307692307692,0.125,0.923502330165516,"Colon Adenocarcinoma","Blood Derived Normal"
"7",0.00384615384615385,0.125,0.921416179594914,"Colon Adenocarcinoma","Blood Derived Normal"
"8",0.00576923076923077,0.125,0.915887693796144,"Colon Adenocarcinoma","Blood Derived Normal"
"9",0.00576923076923077,0.15625,0.895778557367563,"Colon Adenocarcinoma","Blood Derived Normal"
"10",0.00769230769230769,0.15625,0.885331801947336,"Colon Adenocarcinoma","Blood Derived Normal"
"11",0.00769230769230769,0.1875,0.884919683907613,"Colon Adenocarcinoma","Blood Derived Normal"
"12",0.00961538461538462,0.1875,0.884526168514794,"Colon Adenocarcinoma","Blood Derived Normal"
"13",0.00961538461538462,0.21875,0.857061730261059,"Colon Adenocarcinoma","Blood Derived Normal"
"14",0.00961538461538462,0.25,0.851540831021934,"Colon Adenocarcinoma","Blood Derived Normal"
"15",0.0115384615384615,0.25,0.85122191474945,"Colon Adenocarcinoma","Blood Derived Normal"
"16",0.0115384615384615,0.28125,0.846500127625049,"Colon Adenocarcinoma","Blood Derived Normal"
"17",0.0134615384615385,0.28125,0.843926503576712,"Colon Adenocarcinoma","Blood Derived Normal"
"18",0.0134615384615385,0.3125,0.840713198044136,"Colon Adenocarcinoma","Blood Derived Normal"
"19",0.0134615384615385,0.34375,0.831934396891108,"Colon Adenocarcinoma","Blood Derived Normal"
"20",0.0134615384615385,0.375,0.827298422606015,"Colon Adenocarcinoma","Blood Derived Normal"
"21",0.0153846153846154,0.375,0.81933370875485,"Colon Adenocarcinoma","Blood Derived Normal"
"22",0.0173076923076923,0.375,0.811867589457277,"Colon Adenocarcinoma","Blood Derived Normal"
"23",0.0173076923076923,0.40625,0.753227771736112,"Colon Adenocarcinoma","Blood Derived Normal"
"24",0.0173076923076923,0.4375,0.745047479115174,"Colon Adenocarcinoma","Blood Derived Normal"
"25",0.0192307692307692,0.4375,0.74463037847762,"Colon Adenocarcinoma","Blood Derived Normal"
"26",0.0192307692307692,0.46875,0.713820932701446,"Colon Adenocarcinoma","Blood Derived Normal"
"27",0.0192307692307692,0.5,0.70420426856594,"Colon Adenocarcinoma","Blood Derived Normal"
"28",0.0211538461538462,0.5,0.700573558939711,"Colon Adenocarcinoma","Blood Derived Normal"
"29",0.0230769230769231,0.5,0.69220696955932,"Colon Adenocarcinoma","Blood Derived Normal"
"30",0.0230769230769231,0.53125,0.687494158218004,"Colon Adenocarcinoma","Blood Derived Normal"
"31",0.0230769230769231,0.5625,0.670564546357549,"Colon Adenocarcinoma","Blood Derived Normal"
"32",0.0230769230769231,0.59375,0.668432048418377,"Colon Adenocarcinoma","Blood Derived Normal"
"33",0.025,0.59375,0.660137167702934,"Colon Adenocarcinoma","Blood Derived Normal"
"34",0.0269230769230769,0.59375,0.658341396692442,"Colon Adenocarcinoma","Blood Derived Normal"
"35",0.0288461538461538,0.59375,0.648732653792256,"Colon Adenocarcinoma","Blood Derived Normal"
"36",0.0288461538461538,0.625,0.592871490106978,"Colon Adenocarcinoma","Blood Derived Normal"
"37",0.0307692307692308,0.625,0.590044333460649,"Colon Adenocarcinoma","Blood Derived Normal"
"38",0.0326923076923077,0.625,0.577234380301553,"Colon Adenocarcinoma","Blood Derived Normal"
"39",0.0346153846153846,0.625,0.565820458242727,"Colon Adenocarcinoma","Blood Derived Normal"
"40",0.0365384615384615,0.625,0.553382797783205,"Colon Adenocarcinoma","Blood Derived Normal"
"41",0.0384615384615385,0.625,0.54985662706764,"Colon Adenocarcinoma","Blood Derived Normal"
"42",0.0384615384615385,0.65625,0.546894490221329,"Colon Adenocarcinoma","Blood Derived Normal"
"43",0.0403846153846154,0.65625,0.51191393494841,"Colon Adenocarcinoma","Blood Derived Normal"
"44",0.0423076923076923,0.65625,0.508038261230133,"Colon Adenocarcinoma","Blood Derived Normal"
"45",0.0442307692307692,0.65625,0.490574027808967,"Colon Adenocarcinoma","Blood Derived Normal"
"46",0.0461538461538462,0.65625,0.486917393859908,"Colon Adenocarcinoma","Blood Derived Normal"
"47",0.0461538461538462,0.6875,0.475130874425578,"Colon Adenocarcinoma","Blood Derived Normal"
"48",0.0480769230769231,0.6875,0.460245409937852,"Colon Adenocarcinoma","Blood Derived Normal"
"49",0.05,0.6875,0.442599129775709,"Colon Adenocarcinoma","Blood Derived Normal"
"50",0.05,0.71875,0.397818589679794,"Colon Adenocarcinoma","Blood Derived Normal"
"51",0.05,0.75,0.394175137537275,"Colon Adenocarcinoma","Blood Derived Normal"
"52",0.0519230769230769,0.75,0.387731944286467,"Colon Adenocarcinoma","Blood Derived Normal"
"53",0.0519230769230769,0.78125,0.37518181570407,"Colon Adenocarcinoma","Blood Derived Normal"
"54",0.0538461538461538,0.78125,0.347956442556491,"Colon Adenocarcinoma","Blood Derived Normal"
"55",0.0557692307692308,0.78125,0.346649748027262,"Colon Adenocarcinoma","Blood Derived Normal"
"56",0.0557692307692308,0.8125,0.341062907362697,"Colon Adenocarcinoma","Blood Derived Normal"
"57",0.0576923076923077,0.8125,0.322491131204011,"Colon Adenocarcinoma","Blood Derived Normal"
"58",0.0576923076923077,0.84375,0.32246804063225,"Colon Adenocarcinoma","Blood Derived Normal"
"59",0.0596153846153846,0.84375,0.319073429058863,"Colon Adenocarcinoma","Blood Derived Normal"
"60",0.0615384615384615,0.84375,0.317900048280247,"Colon Adenocarcinoma","Blood Derived Normal"
"61",0.0634615384615385,0.84375,0.31509974580029,"Colon Adenocarcinoma","Blood Derived Normal"
"62",0.0653846153846154,0.84375,0.314549098610404,"Colon Adenocarcinoma","Blood Derived Normal"
"63",0.0673076923076923,0.84375,0.30702327186524,"Colon Adenocarcinoma","Blood Derived Normal"
"64",0.0673076923076923,0.875,0.301097014465185,"Colon Adenocarcinoma","Blood Derived Normal"
"65",0.0692307692307692,0.875,0.301076412820005,"Colon Adenocarcinoma","Blood Derived Normal"
"66",0.0711538461538462,0.875,0.289937068946762,"Colon Adenocarcinoma","Blood Derived Normal"
"67",0.0730769230769231,0.875,0.285415135481712,"Colon Adenocarcinoma","Blood Derived Normal"
"68",0.0730769230769231,0.90625,0.273732539853285,"Colon Adenocarcinoma","Blood Derived Normal"
"69",0.075,0.90625,0.272735145790663,"Colon Adenocarcinoma","Blood Derived Normal"
"70",0.0769230769230769,0.90625,0.26656803033424,"Colon Adenocarcinoma","Blood Derived Normal"
"71",0.0788461538461538,0.90625,0.26160000741695,"Colon Adenocarcinoma","Blood Derived Normal"
"72",0.0807692307692308,0.90625,0.255680850495509,"Colon Adenocarcinoma","Blood Derived Normal"
"73",0.0826923076923077,0.90625,0.240250105173921,"Colon Adenocarcinoma","Blood Derived Normal"
"74",0.0846153846153846,0.90625,0.232015428492538,"Colon Adenocarcinoma","Blood Derived Normal"
"75",0.0865384615384615,0.90625,0.231353018313058,"Colon Adenocarcinoma","Blood Derived Normal"
"76",0.0884615384615385,0.90625,0.222507205963937,"Colon Adenocarcinoma","Blood Derived Normal"
"77",0.0903846153846154,0.90625,0.21908709864236,"Colon Adenocarcinoma","Blood Derived Normal"
"78",0.0923076923076923,0.90625,0.212915594846273,"Colon Adenocarcinoma","Blood Derived Normal"
"79",0.0942307692307692,0.90625,0.207518055048469,"Colon Adenocarcinoma","Blood Derived Normal"
"80",0.0961538461538462,0.90625,0.201891239523627,"Colon Adenocarcinoma","Blood Derived Normal"
"81",0.0980769230769231,0.90625,0.195615115913576,"Colon Adenocarcinoma","Blood Derived Normal"
"82",0.1,0.90625,0.194584299563444,"Colon Adenocarcinoma","Blood Derived Normal"
"83",0.101923076923077,0.90625,0.191864594140509,"Colon Adenocarcinoma","Blood Derived Normal"
"84",0.103846153846154,0.90625,0.184968804119364,"Colon Adenocarcinoma","Blood Derived Normal"
"85",0.105769230769231,0.90625,0.184643719114799,"Colon Adenocarcinoma","Blood Derived Normal"
"86",0.107692307692308,0.90625,0.183376960092244,"Colon Adenocarcinoma","Blood Derived Normal"
"87",0.109615384615385,0.90625,0.177918583349746,"Colon Adenocarcinoma","Blood Derived Normal"
"88",0.111538461538462,0.90625,0.166674854782299,"Colon Adenocarcinoma","Blood Derived Normal"
"89",0.113461538461538,0.90625,0.164623476516514,"Colon Adenocarcinoma","Blood Derived Normal"
"90",0.115384615384615,0.90625,0.155594435184606,"Colon Adenocarcinoma","Blood Derived Normal"
"91",0.117307692307692,0.90625,0.151607832377353,"Colon Adenocarcinoma","Blood Derived Normal"
"92",0.119230769230769,0.90625,0.150470596869555,"Colon Adenocarcinoma","Blood Derived Normal"
"93",0.121153846153846,0.90625,0.150080989901178,"Colon Adenocarcinoma","Blood Derived Normal"
"94",0.123076923076923,0.90625,0.148832436085868,"Colon Adenocarcinoma","Blood Derived Normal"
"95",0.125,0.90625,0.147351852877334,"Colon Adenocarcinoma","Blood Derived Normal"
"96",0.126923076923077,0.90625,0.145920050208962,"Colon Adenocarcinoma","Blood Derived Normal"
"97",0.128846153846154,0.90625,0.145323248761646,"Colon Adenocarcinoma","Blood Derived Normal"
"98",0.128846153846154,0.9375,0.144239157030875,"Colon Adenocarcinoma","Blood Derived Normal"
"99",0.130769230769231,0.9375,0.143039939849195,"Colon Adenocarcinoma","Blood Derived Normal"
"100",0.132692307692308,0.9375,0.13981807964275,"Colon Adenocarcinoma","Blood Derived Normal"
"101",0.134615384615385,0.9375,0.139803999604246,"Colon Adenocarcinoma","Blood Derived Normal"
"102",0.136538461538462,0.9375,0.135649802053798,"Colon Adenocarcinoma","Blood Derived Normal"
"103",0.138461538461538,0.9375,0.128350517492969,"Colon Adenocarcinoma","Blood Derived Normal"
"104",0.140384615384615,0.9375,0.124216815119362,"Colon Adenocarcinoma","Blood Derived Normal"
"105",0.142307692307692,0.9375,0.121764314570801,"Colon Adenocarcinoma","Blood Derived Normal"
"106",0.144230769230769,0.9375,0.119291706946384,"Colon Adenocarcinoma","Blood Derived Normal"
"107",0.146153846153846,0.9375,0.118738720830387,"Colon Adenocarcinoma","Blood Derived Normal"
"108",0.148076923076923,0.9375,0.118220405954671,"Colon Adenocarcinoma","Blood Derived Normal"
"109",0.15,0.9375,0.116062430909466,"Colon Adenocarcinoma","Blood Derived Normal"
"110",0.151923076923077,0.9375,0.115648278770844,"Colon Adenocarcinoma","Blood Derived Normal"
"111",0.153846153846154,0.9375,0.113850927414213,"Colon Adenocarcinoma","Blood Derived Normal"
"112",0.155769230769231,0.9375,0.113118003010569,"Colon Adenocarcinoma","Blood Derived Normal"
"113",0.157692307692308,0.9375,0.109761458705699,"Colon Adenocarcinoma","Blood Derived Normal"
"114",0.159615384615385,0.9375,0.109266336068997,"Colon Adenocarcinoma","Blood Derived Normal"
"115",0.161538461538462,0.9375,0.105066519821773,"Colon Adenocarcinoma","Blood Derived Normal"
"116",0.163461538461538,0.9375,0.104173557027436,"Colon Adenocarcinoma","Blood Derived Normal"
"117",0.165384615384615,0.9375,0.0982285043316201,"Colon Adenocarcinoma","Blood Derived Normal"
"118",0.167307692307692,0.9375,0.0959924543207862,"Colon Adenocarcinoma","Blood Derived Normal"
"119",0.169230769230769,0.9375,0.0957198958642579,"Colon Adenocarcinoma","Blood Derived Normal"
"120",0.171153846153846,0.9375,0.0926487457303825,"Colon Adenocarcinoma","Blood Derived Normal"
"121",0.173076923076923,0.9375,0.0901323366530641,"Colon Adenocarcinoma","Blood Derived Normal"
"122",0.175,0.9375,0.0873012299930529,"Colon Adenocarcinoma","Blood Derived Normal"
"123",0.176923076923077,0.9375,0.0844108886944507,"Colon Adenocarcinoma","Blood Derived Normal"
"124",0.178846153846154,0.9375,0.0825459885902731,"Colon Adenocarcinoma","Blood Derived Normal"
"125",0.180769230769231,0.9375,0.0790563906214252,"Colon Adenocarcinoma","Blood Derived Normal"
"126",0.182692307692308,0.9375,0.0767415143015035,"Colon Adenocarcinoma","Blood Derived Normal"
"127",0.184615384615385,0.9375,0.0761783362824486,"Colon Adenocarcinoma","Blood Derived Normal"
"128",0.186538461538462,0.9375,0.0761757697345245,"Colon Adenocarcinoma","Blood Derived Normal"
"129",0.188461538461538,0.9375,0.0753371441669008,"Colon Adenocarcinoma","Blood Derived Normal"
"130",0.190384615384615,0.9375,0.0746161189605712,"Colon Adenocarcinoma","Blood Derived Normal"
"131",0.192307692307692,0.9375,0.0741335460253815,"Colon Adenocarcinoma","Blood Derived Normal"
"132",0.194230769230769,0.9375,0.0730737167328518,"Colon Adenocarcinoma","Blood Derived Normal"
"133",0.196153846153846,0.9375,0.0729603530550846,"Colon Adenocarcinoma","Blood Derived Normal"
"134",0.198076923076923,0.9375,0.0726690656659561,"Colon Adenocarcinoma","Blood Derived Normal"
"135",0.2,0.9375,0.0725288021954064,"Colon Adenocarcinoma","Blood Derived Normal"
"136",0.201923076923077,0.9375,0.0717673478804998,"Colon Adenocarcinoma","Blood Derived Normal"
"137",0.203846153846154,0.9375,0.0697342472122917,"Colon Adenocarcinoma","Blood Derived Normal"
"138",0.205769230769231,0.9375,0.0688543172428561,"Colon Adenocarcinoma","Blood Derived Normal"
"139",0.207692307692308,0.9375,0.0674136147322117,"Colon Adenocarcinoma","Blood Derived Normal"
"140",0.209615384615385,0.9375,0.0673735039563453,"Colon Adenocarcinoma","Blood Derived Normal"
"141",0.211538461538462,0.9375,0.0673016896962078,"Colon Adenocarcinoma","Blood Derived Normal"
"142",0.213461538461538,0.9375,0.0672735842141857,"Colon Adenocarcinoma","Blood Derived Normal"
"143",0.215384615384615,0.9375,0.0650898625261171,"Colon Adenocarcinoma","Blood Derived Normal"
"144",0.217307692307692,0.9375,0.0650556501086774,"Colon Adenocarcinoma","Blood Derived Normal"
"145",0.219230769230769,0.9375,0.0642792432022465,"Colon Adenocarcinoma","Blood Derived Normal"
"146",0.221153846153846,0.9375,0.0637895764349651,"Colon Adenocarcinoma","Blood Derived Normal"
"147",0.223076923076923,0.9375,0.0636256000317624,"Colon Adenocarcinoma","Blood Derived Normal"
"148",0.225,0.9375,0.0632702921304965,"Colon Adenocarcinoma","Blood Derived Normal"
"149",0.226923076923077,0.9375,0.0615489512729248,"Colon Adenocarcinoma","Blood Derived Normal"
"150",0.228846153846154,0.9375,0.0613456795100953,"Colon Adenocarcinoma","Blood Derived Normal"
"151",0.230769230769231,0.9375,0.0610616575983804,"Colon Adenocarcinoma","Blood Derived Normal"
"152",0.232692307692308,0.9375,0.0607340244205494,"Colon Adenocarcinoma","Blood Derived Normal"
"153",0.234615384615385,0.9375,0.0602888170934471,"Colon Adenocarcinoma","Blood Derived Normal"
"154",0.236538461538462,0.9375,0.0599984134685696,"Colon Adenocarcinoma","Blood Derived Normal"
"155",0.238461538461538,0.9375,0.057942444352333,"Colon Adenocarcinoma","Blood Derived Normal"
"156",0.240384615384615,0.9375,0.0578470402606522,"Colon Adenocarcinoma","Blood Derived Normal"
"157",0.242307692307692,0.9375,0.0564103995512747,"Colon Adenocarcinoma","Blood Derived Normal"
"158",0.244230769230769,0.9375,0.0557178506831455,"Colon Adenocarcinoma","Blood Derived Normal"
"159",0.246153846153846,0.9375,0.0555389613181567,"Colon Adenocarcinoma","Blood Derived Normal"
"160",0.248076923076923,0.9375,0.0554229590870045,"Colon Adenocarcinoma","Blood Derived Normal"
"161",0.25,0.9375,0.0552926588116756,"Colon Adenocarcinoma","Blood Derived Normal"
"162",0.251923076923077,0.9375,0.0546131094513465,"Colon Adenocarcinoma","Blood Derived Normal"
"163",0.251923076923077,0.96875,0.0545035791141221,"Colon Adenocarcinoma","Blood Derived Normal"
"164",0.253846153846154,0.96875,0.0528401266501819,"Colon Adenocarcinoma","Blood Derived Normal"
"165",0.255769230769231,0.96875,0.05237216813941,"Colon Adenocarcinoma","Blood Derived Normal"
"166",0.257692307692308,0.96875,0.0521702843983563,"Colon Adenocarcinoma","Blood Derived Normal"
"167",0.259615384615385,0.96875,0.0509444293612191,"Colon Adenocarcinoma","Blood Derived Normal"
"168",0.261538461538462,0.96875,0.0508737572543164,"Colon Adenocarcinoma","Blood Derived Normal"
"169",0.263461538461538,0.96875,0.050521733612253,"Colon Adenocarcinoma","Blood Derived Normal"
"170",0.265384615384615,0.96875,0.0501351500026467,"Colon Adenocarcinoma","Blood Derived Normal"
"171",0.267307692307692,0.96875,0.0499649041327048,"Colon Adenocarcinoma","Blood Derived Normal"
"172",0.267307692307692,1,0.0498893755970262,"Colon Adenocarcinoma","Blood Derived Normal"
"173",0.269230769230769,1,0.0496856172348157,"Colon Adenocarcinoma","Blood Derived Normal"
"174",0.271153846153846,1,0.0495099567372857,"Colon Adenocarcinoma","Blood Derived Normal"
"175",0.273076923076923,1,0.049248484311543,"Colon Adenocarcinoma","Blood Derived Normal"
"176",0.275,1,0.0491711887853585,"Colon Adenocarcinoma","Blood Derived Normal"
"177",0.276923076923077,1,0.0484873522070197,"Colon Adenocarcinoma","Blood Derived Normal"
"178",0.278846153846154,1,0.0478814538875545,"Colon Adenocarcinoma","Blood Derived Normal"
"179",0.280769230769231,1,0.0477045054361839,"Colon Adenocarcinoma","Blood Derived Normal"
"180",0.282692307692308,1,0.0475798507068513,"Colon Adenocarcinoma","Blood Derived Normal"
"181",0.284615384615385,1,0.0474197424865205,"Colon Adenocarcinoma","Blood Derived Normal"
"182",0.286538461538462,1,0.0461697341107421,"Colon Adenocarcinoma","Blood Derived Normal"
"183",0.288461538461538,1,0.0457948881534242,"Colon Adenocarcinoma","Blood Derived Normal"
"184",0.290384615384615,1,0.0455158348771469,"Colon Adenocarcinoma","Blood Derived Normal"
"185",0.292307692307692,1,0.0446537838248439,"Colon Adenocarcinoma","Blood Derived Normal"
"186",0.294230769230769,1,0.0437857943803293,"Colon Adenocarcinoma","Blood Derived Normal"
"187",0.296153846153846,1,0.0429249964027587,"Colon Adenocarcinoma","Blood Derived Normal"
"188",0.298076923076923,1,0.0428963648434106,"Colon Adenocarcinoma","Blood Derived Normal"
"189",0.3,1,0.0420101800162868,"Colon Adenocarcinoma","Blood Derived Normal"
"190",0.301923076923077,1,0.0411269253836888,"Colon Adenocarcinoma","Blood Derived Normal"
"191",0.303846153846154,1,0.0401571291633303,"Colon Adenocarcinoma","Blood Derived Normal"
"192",0.305769230769231,1,0.0391079459518052,"Colon Adenocarcinoma","Blood Derived Normal"
"193",0.307692307692308,1,0.0385682261722674,"Colon Adenocarcinoma","Blood Derived Normal"
"194",0.309615384615385,1,0.0377094620680609,"Colon Adenocarcinoma","Blood Derived Normal"
"195",0.311538461538462,1,0.0374995943613916,"Colon Adenocarcinoma","Blood Derived Normal"
"196",0.313461538461538,1,0.037222819565108,"Colon Adenocarcinoma","Blood Derived Normal"
"197",0.315384615384615,1,0.036907066469593,"Colon Adenocarcinoma","Blood Derived Normal"
"198",0.317307692307692,1,0.0366043411433754,"Colon Adenocarcinoma","Blood Derived Normal"
"199",0.319230769230769,1,0.0363238386353994,"Colon Adenocarcinoma","Blood Derived Normal"
"200",0.321153846153846,1,0.0363076323715439,"Colon Adenocarcinoma","Blood Derived Normal"
"201",0.323076923076923,1,0.0357905280823214,"Colon Adenocarcinoma","Blood Derived Normal"
"202",0.325,1,0.035265252539346,"Colon Adenocarcinoma","Blood Derived Normal"
"203",0.326923076923077,1,0.0344659874483188,"Colon Adenocarcinoma","Blood Derived Normal"
"204",0.328846153846154,1,0.0343531094812353,"Colon Adenocarcinoma","Blood Derived Normal"
"205",0.330769230769231,1,0.0338879941015379,"Colon Adenocarcinoma","Blood Derived Normal"
"206",0.332692307692308,1,0.0336761644894964,"Colon Adenocarcinoma","Blood Derived Normal"
"207",0.334615384615385,1,0.0333818081203342,"Colon Adenocarcinoma","Blood Derived Normal"
"208",0.336538461538462,1,0.0330940131979597,"Colon Adenocarcinoma","Blood Derived Normal"
"209",0.338461538461538,1,0.0330745287470445,"Colon Adenocarcinoma","Blood Derived Normal"
"210",0.340384615384615,1,0.0329896466429385,"Colon Adenocarcinoma","Blood Derived Normal"
"211",0.342307692307692,1,0.0327686061741014,"Colon Adenocarcinoma","Blood Derived Normal"
"212",0.344230769230769,1,0.0326090679331915,"Colon Adenocarcinoma","Blood Derived Normal"
"213",0.346153846153846,1,0.0325145988854526,"Colon Adenocarcinoma","Blood Derived Normal"
"214",0.348076923076923,1,0.0319514938619051,"Colon Adenocarcinoma","Blood Derived Normal"
"215",0.35,1,0.0306229755857421,"Colon Adenocarcinoma","Blood Derived Normal"
"216",0.351923076923077,1,0.0302045327198548,"Colon Adenocarcinoma","Blood Derived Normal"
"217",0.353846153846154,1,0.0298401749603935,"Colon Adenocarcinoma","Blood Derived Normal"
"218",0.355769230769231,1,0.0296534783348854,"Colon Adenocarcinoma","Blood Derived Normal"
"219",0.357692307692308,1,0.0293831958339963,"Colon Adenocarcinoma","Blood Derived Normal"
"220",0.359615384615385,1,0.0292532113403442,"Colon Adenocarcinoma","Blood Derived Normal"
"221",0.361538461538462,1,0.0289162938252401,"Colon Adenocarcinoma","Blood Derived Normal"
"222",0.363461538461538,1,0.0289103238984315,"Colon Adenocarcinoma","Blood Derived Normal"
"223",0.365384615384615,1,0.028512175651725,"Colon Adenocarcinoma","Blood Derived Normal"
"224",0.367307692307692,1,0.0284791054804969,"Colon Adenocarcinoma","Blood Derived Normal"
"225",0.369230769230769,1,0.0281143020902522,"Colon Adenocarcinoma","Blood Derived Normal"
"226",0.371153846153846,1,0.0277703113930487,"Colon Adenocarcinoma","Blood Derived Normal"
"227",0.373076923076923,1,0.027645869399678,"Colon Adenocarcinoma","Blood Derived Normal"
"228",0.375,1,0.0275264796885898,"Colon Adenocarcinoma","Blood Derived Normal"
"229",0.376923076923077,1,0.0273429149768886,"Colon Adenocarcinoma","Blood Derived Normal"
"230",0.378846153846154,1,0.0271874965932584,"Colon Adenocarcinoma","Blood Derived Normal"
"231",0.380769230769231,1,0.0268483800052364,"Colon Adenocarcinoma","Blood Derived Normal"
"232",0.382692307692308,1,0.0267066493585112,"Colon Adenocarcinoma","Blood Derived Normal"
"233",0.384615384615385,1,0.0265629430301297,"Colon Adenocarcinoma","Blood Derived Normal"
"234",0.386538461538462,1,0.026535554549939,"Colon Adenocarcinoma","Blood Derived Normal"
"235",0.388461538461538,1,0.0260195624360155,"Colon Adenocarcinoma","Blood Derived Normal"
"236",0.390384615384615,1,0.0253372482262063,"Colon Adenocarcinoma","Blood Derived Normal"
"237",0.392307692307692,1,0.0252372757019552,"Colon Adenocarcinoma","Blood Derived Normal"
"238",0.394230769230769,1,0.0249988055936469,"Colon Adenocarcinoma","Blood Derived Normal"
"239",0.396153846153846,1,0.0248649597147553,"Colon Adenocarcinoma","Blood Derived Normal"
"240",0.398076923076923,1,0.0245559838867586,"Colon Adenocarcinoma","Blood Derived Normal"
"241",0.4,1,0.0244698954438032,"Colon Adenocarcinoma","Blood Derived Normal"
"242",0.401923076923077,1,0.0244064359516355,"Colon Adenocarcinoma","Blood Derived Normal"
"243",0.403846153846154,1,0.0243666115491087,"Colon Adenocarcinoma","Blood Derived Normal"
"244",0.405769230769231,1,0.0237100400618394,"Colon Adenocarcinoma","Blood Derived Normal"
"245",0.407692307692308,1,0.0236292469488634,"Colon Adenocarcinoma","Blood Derived Normal"
"246",0.409615384615385,1,0.023537038113554,"Colon Adenocarcinoma","Blood Derived Normal"
"247",0.411538461538462,1,0.0233249684625615,"Colon Adenocarcinoma","Blood Derived Normal"
"248",0.413461538461538,1,0.0232680321587814,"Colon Adenocarcinoma","Blood Derived Normal"
"249",0.415384615384615,1,0.0231885406972825,"Colon Adenocarcinoma","Blood Derived Normal"
"250",0.417307692307692,1,0.0231150352701183,"Colon Adenocarcinoma","Blood Derived Normal"
"251",0.419230769230769,1,0.0228665960336568,"Colon Adenocarcinoma","Blood Derived Normal"
"252",0.421153846153846,1,0.0224072020062282,"Colon Adenocarcinoma","Blood Derived Normal"
"253",0.423076923076923,1,0.0223679209387587,"Colon Adenocarcinoma","Blood Derived Normal"
"254",0.425,1,0.0220764786702821,"Colon Adenocarcinoma","Blood Derived Normal"
"255",0.426923076923077,1,0.0219931530013345,"Colon Adenocarcinoma","Blood Derived Normal"
"256",0.428846153846154,1,0.0219670595236051,"Colon Adenocarcinoma","Blood Derived Normal"
"257",0.430769230769231,1,0.0217137637141631,"Colon Adenocarcinoma","Blood Derived Normal"
"258",0.432692307692308,1,0.0215451853293661,"Colon Adenocarcinoma","Blood Derived Normal"
"259",0.434615384615385,1,0.0214983338718368,"Colon Adenocarcinoma","Blood Derived Normal"
"260",0.436538461538462,1,0.0214680134213508,"Colon Adenocarcinoma","Blood Derived Normal"
"261",0.438461538461538,1,0.0211888576792168,"Colon Adenocarcinoma","Blood Derived Normal"
"262",0.440384615384615,1,0.0209614479786497,"Colon Adenocarcinoma","Blood Derived Normal"
"263",0.442307692307692,1,0.0208355735016043,"Colon Adenocarcinoma","Blood Derived Normal"
"264",0.444230769230769,1,0.0208251181588811,"Colon Adenocarcinoma","Blood Derived Normal"
"265",0.446153846153846,1,0.0207501272149448,"Colon Adenocarcinoma","Blood Derived Normal"
"266",0.448076923076923,1,0.0207377073880872,"Colon Adenocarcinoma","Blood Derived Normal"
"267",0.45,1,0.020687817780396,"Colon Adenocarcinoma","Blood Derived Normal"
"268",0.451923076923077,1,0.0205974810014523,"Colon Adenocarcinoma","Blood Derived Normal"
"269",0.453846153846154,1,0.0205014843093159,"Colon Adenocarcinoma","Blood Derived Normal"
"270",0.455769230769231,1,0.0201930979995993,"Colon Adenocarcinoma","Blood Derived Normal"
"271",0.457692307692308,1,0.0198261640044574,"Colon Adenocarcinoma","Blood Derived Normal"
"272",0.459615384615385,1,0.0196352248938174,"Colon Adenocarcinoma","Blood Derived Normal"
"273",0.461538461538462,1,0.0193820408668339,"Colon Adenocarcinoma","Blood Derived Normal"
"274",0.463461538461538,1,0.0192403286438657,"Colon Adenocarcinoma","Blood Derived Normal"
"275",0.465384615384615,1,0.019015243766458,"Colon Adenocarcinoma","Blood Derived Normal"
"276",0.467307692307692,1,0.0189569844286761,"Colon Adenocarcinoma","Blood Derived Normal"
"277",0.469230769230769,1,0.0186495247987684,"Colon Adenocarcinoma","Blood Derived Normal"
"278",0.471153846153846,1,0.0186257294276944,"Colon Adenocarcinoma","Blood Derived Normal"
"279",0.473076923076923,1,0.0186034694179739,"Colon Adenocarcinoma","Blood Derived Normal"
"280",0.475,1,0.0185282610987373,"Colon Adenocarcinoma","Blood Derived Normal"
"281",0.476923076923077,1,0.0185147487213007,"Colon Adenocarcinoma","Blood Derived Normal"
"282",0.478846153846154,1,0.0184777069204494,"Colon Adenocarcinoma","Blood Derived Normal"
"283",0.480769230769231,1,0.0184671883113745,"Colon Adenocarcinoma","Blood Derived Normal"
"284",0.482692307692308,1,0.0183468357287636,"Colon Adenocarcinoma","Blood Derived Normal"
"285",0.484615384615385,1,0.0182317953214015,"Colon Adenocarcinoma","Blood Derived Normal"
"286",0.486538461538462,1,0.018182199119579,"Colon Adenocarcinoma","Blood Derived Normal"
"287",0.488461538461538,1,0.0176809487314582,"Colon Adenocarcinoma","Blood Derived Normal"
"288",0.490384615384615,1,0.0174908877606287,"Colon Adenocarcinoma","Blood Derived Normal"
"289",0.492307692307692,1,0.0174651869739392,"Colon Adenocarcinoma","Blood Derived Normal"
"290",0.494230769230769,1,0.0172148356106525,"Colon Adenocarcinoma","Blood Derived Normal"
"291",0.496153846153846,1,0.0171845178311368,"Colon Adenocarcinoma","Blood Derived Normal"
"292",0.498076923076923,1,0.0170984337993315,"Colon Adenocarcinoma","Blood Derived Normal"
"293",0.5,1,0.0170389418422794,"Colon Adenocarcinoma","Blood Derived Normal"
"294",0.501923076923077,1,0.0170343235967503,"Colon Adenocarcinoma","Blood Derived Normal"
"295",0.503846153846154,1,0.0170162252947354,"Colon Adenocarcinoma","Blood Derived Normal"
"296",0.505769230769231,1,0.0168982598194132,"Colon Adenocarcinoma","Blood Derived Normal"
"297",0.507692307692308,1,0.0168057831574664,"Colon Adenocarcinoma","Blood Derived Normal"
"298",0.509615384615385,1,0.0167416979315823,"Colon Adenocarcinoma","Blood Derived Normal"
"299",0.511538461538461,1,0.0166421263216145,"Colon Adenocarcinoma","Blood Derived Normal"
"300",0.513461538461538,1,0.0166297384502372,"Colon Adenocarcinoma","Blood Derived Normal"
"301",0.515384615384615,1,0.0163322998756842,"Colon Adenocarcinoma","Blood Derived Normal"
"302",0.517307692307692,1,0.0162792235996843,"Colon Adenocarcinoma","Blood Derived Normal"
"303",0.519230769230769,1,0.0161810010297701,"Colon Adenocarcinoma","Blood Derived Normal"
"304",0.521153846153846,1,0.0159531808975797,"Colon Adenocarcinoma","Blood Derived Normal"
"305",0.523076923076923,1,0.0158348414707169,"Colon Adenocarcinoma","Blood Derived Normal"
"306",0.525,1,0.0158242563815495,"Colon Adenocarcinoma","Blood Derived Normal"
"307",0.526923076923077,1,0.0158092271138011,"Colon Adenocarcinoma","Blood Derived Normal"
"308",0.528846153846154,1,0.0157860353170178,"Colon Adenocarcinoma","Blood Derived Normal"
"309",0.530769230769231,1,0.0157561625293327,"Colon Adenocarcinoma","Blood Derived Normal"
"310",0.532692307692308,1,0.0155373246204501,"Colon Adenocarcinoma","Blood Derived Normal"
"311",0.534615384615385,1,0.015519093238804,"Colon Adenocarcinoma","Blood Derived Normal"
"312",0.536538461538462,1,0.0153173666088886,"Colon Adenocarcinoma","Blood Derived Normal"
"313",0.538461538461538,1,0.0153018648267221,"Colon Adenocarcinoma","Blood Derived Normal"
"314",0.540384615384615,1,0.0152690600856171,"Colon Adenocarcinoma","Blood Derived Normal"
"315",0.542307692307692,1,0.015214387087737,"Colon Adenocarcinoma","Blood Derived Normal"
"316",0.544230769230769,1,0.0151544669064915,"Colon Adenocarcinoma","Blood Derived Normal"
"317",0.546153846153846,1,0.0151536812825144,"Colon Adenocarcinoma","Blood Derived Normal"
"318",0.548076923076923,1,0.0151453233812208,"Colon Adenocarcinoma","Blood Derived Normal"
"319",0.55,1,0.0150220075482257,"Colon Adenocarcinoma","Blood Derived Normal"
"320",0.551923076923077,1,0.0149474370389759,"Colon Adenocarcinoma","Blood Derived Normal"
"321",0.553846153846154,1,0.0147633587995003,"Colon Adenocarcinoma","Blood Derived Normal"
"322",0.555769230769231,1,0.0147495664720639,"Colon Adenocarcinoma","Blood Derived Normal"
"323",0.557692307692308,1,0.0147265095016734,"Colon Adenocarcinoma","Blood Derived Normal"
"324",0.559615384615385,1,0.0144842486961082,"Colon Adenocarcinoma","Blood Derived Normal"
"325",0.561538461538462,1,0.014421120526574,"Colon Adenocarcinoma","Blood Derived Normal"
"326",0.563461538461538,1,0.0143574712862758,"Colon Adenocarcinoma","Blood Derived Normal"
"327",0.565384615384615,1,0.0142362906081389,"Colon Adenocarcinoma","Blood Derived Normal"
"328",0.567307692307692,1,0.0139410208842295,"Colon Adenocarcinoma","Blood Derived Normal"
"329",0.569230769230769,1,0.0138445026054367,"Colon Adenocarcinoma","Blood Derived Normal"
"330",0.571153846153846,1,0.0138388975975762,"Colon Adenocarcinoma","Blood Derived Normal"
"331",0.573076923076923,1,0.0138277492879221,"Colon Adenocarcinoma","Blood Derived Normal"
"332",0.575,1,0.0137938280471678,"Colon Adenocarcinoma","Blood Derived Normal"
"333",0.576923076923077,1,0.0137623048131396,"Colon Adenocarcinoma","Blood Derived Normal"
"334",0.578846153846154,1,0.013753942596327,"Colon Adenocarcinoma","Blood Derived Normal"
"335",0.580769230769231,1,0.0137075191630568,"Colon Adenocarcinoma","Blood Derived Normal"
"336",0.582692307692308,1,0.0136416389523957,"Colon Adenocarcinoma","Blood Derived Normal"
"337",0.584615384615385,1,0.0134770003080565,"Colon Adenocarcinoma","Blood Derived Normal"
"338",0.586538461538462,1,0.013362394896322,"Colon Adenocarcinoma","Blood Derived Normal"
"339",0.588461538461538,1,0.0133382858814486,"Colon Adenocarcinoma","Blood Derived Normal"
"340",0.590384615384615,1,0.01330034391085,"Colon Adenocarcinoma","Blood Derived Normal"
"341",0.592307692307692,1,0.0132553364118404,"Colon Adenocarcinoma","Blood Derived Normal"
"342",0.594230769230769,1,0.0130369898681321,"Colon Adenocarcinoma","Blood Derived Normal"
"343",0.596153846153846,1,0.0128446122919577,"Colon Adenocarcinoma","Blood Derived Normal"
"344",0.598076923076923,1,0.012818920987931,"Colon Adenocarcinoma","Blood Derived Normal"
"345",0.6,1,0.0127601196546676,"Colon Adenocarcinoma","Blood Derived Normal"
"346",0.601923076923077,1,0.012747410353835,"Colon Adenocarcinoma","Blood Derived Normal"
"347",0.603846153846154,1,0.0127435546592961,"Colon Adenocarcinoma","Blood Derived Normal"
"348",0.605769230769231,1,0.0126758270279488,"Colon Adenocarcinoma","Blood Derived Normal"
"349",0.607692307692308,1,0.0126702360805273,"Colon Adenocarcinoma","Blood Derived Normal"
"350",0.609615384615385,1,0.0126212765538567,"Colon Adenocarcinoma","Blood Derived Normal"
"351",0.611538461538462,1,0.0124914556278607,"Colon Adenocarcinoma","Blood Derived Normal"
"352",0.613461538461539,1,0.012471830814459,"Colon Adenocarcinoma","Blood Derived Normal"
"353",0.615384615384615,1,0.0123393779848946,"Colon Adenocarcinoma","Blood Derived Normal"
"354",0.617307692307692,1,0.0123047054311804,"Colon Adenocarcinoma","Blood Derived Normal"
"355",0.619230769230769,1,0.0121042787942733,"Colon Adenocarcinoma","Blood Derived Normal"
"356",0.621153846153846,1,0.0121005947968582,"Colon Adenocarcinoma","Blood Derived Normal"
"357",0.623076923076923,1,0.0120354080794564,"Colon Adenocarcinoma","Blood Derived Normal"
"358",0.625,1,0.0120282364573279,"Colon Adenocarcinoma","Blood Derived Normal"
"359",0.626923076923077,1,0.0120074814373377,"Colon Adenocarcinoma","Blood Derived Normal"
"360",0.628846153846154,1,0.0119169899787802,"Colon Adenocarcinoma","Blood Derived Normal"
"361",0.630769230769231,1,0.011860237470265,"Colon Adenocarcinoma","Blood Derived Normal"
"362",0.632692307692308,1,0.0118067199439751,"Colon Adenocarcinoma","Blood Derived Normal"
"363",0.634615384615385,1,0.0117959454535582,"Colon Adenocarcinoma","Blood Derived Normal"
"364",0.636538461538461,1,0.0117666320225877,"Colon Adenocarcinoma","Blood Derived Normal"
"365",0.638461538461538,1,0.011618566200246,"Colon Adenocarcinoma","Blood Derived Normal"
"366",0.640384615384615,1,0.011490247676501,"Colon Adenocarcinoma","Blood Derived Normal"
"367",0.642307692307692,1,0.0114779366487738,"Colon Adenocarcinoma","Blood Derived Normal"
"368",0.644230769230769,1,0.0114224813055912,"Colon Adenocarcinoma","Blood Derived Normal"
"369",0.646153846153846,1,0.0113560843737561,"Colon Adenocarcinoma","Blood Derived Normal"
"370",0.648076923076923,1,0.0113477133625897,"Colon Adenocarcinoma","Blood Derived Normal"
"371",0.65,1,0.0113449367084233,"Colon Adenocarcinoma","Blood Derived Normal"
"372",0.651923076923077,1,0.0109583615936682,"Colon Adenocarcinoma","Blood Derived Normal"
"373",0.653846153846154,1,0.0107873203116592,"Colon Adenocarcinoma","Blood Derived Normal"
"374",0.655769230769231,1,0.0107593187294043,"Colon Adenocarcinoma","Blood Derived Normal"
"375",0.657692307692308,1,0.0107474560157515,"Colon Adenocarcinoma","Blood Derived Normal"
"376",0.659615384615385,1,0.0107005464712772,"Colon Adenocarcinoma","Blood Derived Normal"
"377",0.661538461538462,1,0.0106404301684717,"Colon Adenocarcinoma","Blood Derived Normal"
"378",0.663461538461538,1,0.0105847286422198,"Colon Adenocarcinoma","Blood Derived Normal"
"379",0.665384615384615,1,0.0105279451419569,"Colon Adenocarcinoma","Blood Derived Normal"
"380",0.667307692307692,1,0.0105067258521295,"Colon Adenocarcinoma","Blood Derived Normal"
"381",0.669230769230769,1,0.0105041989651141,"Colon Adenocarcinoma","Blood Derived Normal"
"382",0.671153846153846,1,0.0104539549979025,"Colon Adenocarcinoma","Blood Derived Normal"
"383",0.673076923076923,1,0.0104356728281286,"Colon Adenocarcinoma","Blood Derived Normal"
"384",0.675,1,0.0103588004346595,"Colon Adenocarcinoma","Blood Derived Normal"
"385",0.676923076923077,1,0.0103233156205724,"Colon Adenocarcinoma","Blood Derived Normal"
"386",0.678846153846154,1,0.0102445634421009,"Colon Adenocarcinoma","Blood Derived Normal"
"387",0.680769230769231,1,0.0101772539572082,"Colon Adenocarcinoma","Blood Derived Normal"
"388",0.682692307692308,1,0.0101524162320933,"Colon Adenocarcinoma","Blood Derived Normal"
"389",0.684615384615385,1,0.0100299702613502,"Colon Adenocarcinoma","Blood Derived Normal"
"390",0.686538461538462,1,0.0100218600801564,"Colon Adenocarcinoma","Blood Derived Normal"
"391",0.688461538461538,1,0.0099868284830565,"Colon Adenocarcinoma","Blood Derived Normal"
"392",0.690384615384615,1,0.00996424169896633,"Colon Adenocarcinoma","Blood Derived Normal"
"393",0.692307692307692,1,0.00992544881688211,"Colon Adenocarcinoma","Blood Derived Normal"
"394",0.694230769230769,1,0.00988669674257868,"Colon Adenocarcinoma","Blood Derived Normal"
"395",0.696153846153846,1,0.00984790123673491,"Colon Adenocarcinoma","Blood Derived Normal"
"396",0.698076923076923,1,0.0098322630027043,"Colon Adenocarcinoma","Blood Derived Normal"
"397",0.7,1,0.00971314455499894,"Colon Adenocarcinoma","Blood Derived Normal"
"398",0.701923076923077,1,0.00962727010306124,"Colon Adenocarcinoma","Blood Derived Normal"
"399",0.703846153846154,1,0.00953976785948156,"Colon Adenocarcinoma","Blood Derived Normal"
"400",0.705769230769231,1,0.00944590374971433,"Colon Adenocarcinoma","Blood Derived Normal"
"401",0.707692307692308,1,0.00932972273534984,"Colon Adenocarcinoma","Blood Derived Normal"
"402",0.709615384615385,1,0.00930256602625116,"Colon Adenocarcinoma","Blood Derived Normal"
"403",0.711538461538462,1,0.00922805519389,"Colon Adenocarcinoma","Blood Derived Normal"
"404",0.713461538461538,1,0.00921728675331037,"Colon Adenocarcinoma","Blood Derived Normal"
"405",0.715384615384615,1,0.00915979691467062,"Colon Adenocarcinoma","Blood Derived Normal"
"406",0.717307692307692,1,0.00913338164075856,"Colon Adenocarcinoma","Blood Derived Normal"
"407",0.719230769230769,1,0.00908882309749191,"Colon Adenocarcinoma","Blood Derived Normal"
"408",0.721153846153846,1,0.00886765868977366,"Colon Adenocarcinoma","Blood Derived Normal"
"409",0.723076923076923,1,0.00880525862491595,"Colon Adenocarcinoma","Blood Derived Normal"
"410",0.725,1,0.0088039222441733,"Colon Adenocarcinoma","Blood Derived Normal"
"411",0.726923076923077,1,0.00878647694502706,"Colon Adenocarcinoma","Blood Derived Normal"
"412",0.728846153846154,1,0.00874836916697175,"Colon Adenocarcinoma","Blood Derived Normal"
"413",0.730769230769231,1,0.00867752226231581,"Colon Adenocarcinoma","Blood Derived Normal"
"414",0.732692307692308,1,0.00867658815794587,"Colon Adenocarcinoma","Blood Derived Normal"
"415",0.734615384615385,1,0.00862741947007325,"Colon Adenocarcinoma","Blood Derived Normal"
"416",0.736538461538462,1,0.00851320288026914,"Colon Adenocarcinoma","Blood Derived Normal"
"417",0.738461538461539,1,0.00843904271955868,"Colon Adenocarcinoma","Blood Derived Normal"
"418",0.740384615384615,1,0.00841215544616052,"Colon Adenocarcinoma","Blood Derived Normal"
"419",0.742307692307692,1,0.00839105169866093,"Colon Adenocarcinoma","Blood Derived Normal"
"420",0.744230769230769,1,0.0083329929266172,"Colon Adenocarcinoma","Blood Derived Normal"
"421",0.746153846153846,1,0.00819630848307919,"Colon Adenocarcinoma","Blood Derived Normal"
"422",0.748076923076923,1,0.00818207782954068,"Colon Adenocarcinoma","Blood Derived Normal"
"423",0.75,1,0.00815973022873701,"Colon Adenocarcinoma","Blood Derived Normal"
"424",0.751923076923077,1,0.00815714719885473,"Colon Adenocarcinoma","Blood Derived Normal"
"425",0.753846153846154,1,0.00812997418512359,"Colon Adenocarcinoma","Blood Derived Normal"
"426",0.755769230769231,1,0.00811360574812457,"Colon Adenocarcinoma","Blood Derived Normal"
"427",0.757692307692308,1,0.00805721542790254,"Colon Adenocarcinoma","Blood Derived Normal"
"428",0.759615384615385,1,0.00805567420292209,"Colon Adenocarcinoma","Blood Derived Normal"
"429",0.761538461538461,1,0.0080468793351105,"Colon Adenocarcinoma","Blood Derived Normal"
"430",0.763461538461538,1,0.00803549607644183,"Colon Adenocarcinoma","Blood Derived Normal"
"431",0.765384615384615,1,0.00792612751659084,"Colon Adenocarcinoma","Blood Derived Normal"
"432",0.767307692307692,1,0.00773805368951564,"Colon Adenocarcinoma","Blood Derived Normal"
"433",0.769230769230769,1,0.0077365778227557,"Colon Adenocarcinoma","Blood Derived Normal"
"434",0.771153846153846,1,0.00771541081617857,"Colon Adenocarcinoma","Blood Derived Normal"
"435",0.773076923076923,1,0.00765684447247897,"Colon Adenocarcinoma","Blood Derived Normal"
"436",0.775,1,0.00765523494562004,"Colon Adenocarcinoma","Blood Derived Normal"
"437",0.776923076923077,1,0.00761614712771534,"Colon Adenocarcinoma","Blood Derived Normal"
"438",0.778846153846154,1,0.00760160779418769,"Colon Adenocarcinoma","Blood Derived Normal"
"439",0.780769230769231,1,0.00743778554478386,"Colon Adenocarcinoma","Blood Derived Normal"
"440",0.782692307692308,1,0.00736207091965276,"Colon Adenocarcinoma","Blood Derived Normal"
"441",0.784615384615385,1,0.00735017577242279,"Colon Adenocarcinoma","Blood Derived Normal"
"442",0.786538461538462,1,0.00732324787980089,"Colon Adenocarcinoma","Blood Derived Normal"
"443",0.788461538461538,1,0.00731862816912768,"Colon Adenocarcinoma","Blood Derived Normal"
"444",0.790384615384615,1,0.00724573035548836,"Colon Adenocarcinoma","Blood Derived Normal"
"445",0.792307692307692,1,0.00723445203426621,"Colon Adenocarcinoma","Blood Derived Normal"
"446",0.794230769230769,1,0.00719680307411243,"Colon Adenocarcinoma","Blood Derived Normal"
"447",0.796153846153846,1,0.00714061386371832,"Colon Adenocarcinoma","Blood Derived Normal"
"448",0.798076923076923,1,0.00713200209298828,"Colon Adenocarcinoma","Blood Derived Normal"
"449",0.8,1,0.00711911329456575,"Colon Adenocarcinoma","Blood Derived Normal"
"450",0.801923076923077,1,0.00711352714039978,"Colon Adenocarcinoma","Blood Derived Normal"
"451",0.803846153846154,1,0.00704576656601301,"Colon Adenocarcinoma","Blood Derived Normal"
"452",0.805769230769231,1,0.00702074185369594,"Colon Adenocarcinoma","Blood Derived Normal"
"453",0.807692307692308,1,0.00700973291261944,"Colon Adenocarcinoma","Blood Derived Normal"
"454",0.809615384615385,1,0.00691442014733177,"Colon Adenocarcinoma","Blood Derived Normal"
"455",0.811538461538462,1,0.00688615587583178,"Colon Adenocarcinoma","Blood Derived Normal"
"456",0.813461538461538,1,0.00686395907294123,"Colon Adenocarcinoma","Blood Derived Normal"
"457",0.815384615384615,1,0.00682224466708132,"Colon Adenocarcinoma","Blood Derived Normal"
"458",0.817307692307692,1,0.00655880629254926,"Colon Adenocarcinoma","Blood Derived Normal"
"459",0.819230769230769,1,0.00651480807106957,"Colon Adenocarcinoma","Blood Derived Normal"
"460",0.821153846153846,1,0.00648817581121407,"Colon Adenocarcinoma","Blood Derived Normal"
"461",0.823076923076923,1,0.00645045863877732,"Colon Adenocarcinoma","Blood Derived Normal"
"462",0.825,1,0.00644773136003139,"Colon Adenocarcinoma","Blood Derived Normal"
"463",0.826923076923077,1,0.0063846038399615,"Colon Adenocarcinoma","Blood Derived Normal"
"464",0.828846153846154,1,0.00638091353919226,"Colon Adenocarcinoma","Blood Derived Normal"
"465",0.830769230769231,1,0.00633239590408181,"Colon Adenocarcinoma","Blood Derived Normal"
"466",0.832692307692308,1,0.00630482244305727,"Colon Adenocarcinoma","Blood Derived Normal"
"467",0.834615384615385,1,0.00629151769034962,"Colon Adenocarcinoma","Blood Derived Normal"
"468",0.836538461538462,1,0.00627859322110022,"Colon Adenocarcinoma","Blood Derived Normal"
"469",0.838461538461538,1,0.0062367554612193,"Colon Adenocarcinoma","Blood Derived Normal"
"470",0.840384615384615,1,0.00616112246160354,"Colon Adenocarcinoma","Blood Derived Normal"
"471",0.842307692307692,1,0.00613568004988524,"Colon Adenocarcinoma","Blood Derived Normal"
"472",0.844230769230769,1,0.00602863807998908,"Colon Adenocarcinoma","Blood Derived Normal"
"473",0.846153846153846,1,0.00592130695161013,"Colon Adenocarcinoma","Blood Derived Normal"
"474",0.848076923076923,1,0.00589877098275856,"Colon Adenocarcinoma","Blood Derived Normal"
"475",0.85,1,0.0058873373944492,"Colon Adenocarcinoma","Blood Derived Normal"
"476",0.853846153846154,1,0.0058461624766906,"Colon Adenocarcinoma","Blood Derived Normal"
"477",0.855769230769231,1,0.0058375113564083,"Colon Adenocarcinoma","Blood Derived Normal"
"478",0.857692307692308,1,0.00582403014317709,"Colon Adenocarcinoma","Blood Derived Normal"
"479",0.859615384615385,1,0.00579137603167261,"Colon Adenocarcinoma","Blood Derived Normal"
"480",0.861538461538462,1,0.00573881637911045,"Colon Adenocarcinoma","Blood Derived Normal"
"481",0.863461538461539,1,0.00572830614988304,"Colon Adenocarcinoma","Blood Derived Normal"
"482",0.865384615384615,1,0.00572351631715523,"Colon Adenocarcinoma","Blood Derived Normal"
"483",0.867307692307692,1,0.00567731293807013,"Colon Adenocarcinoma","Blood Derived Normal"
"484",0.869230769230769,1,0.00567649279618718,"Colon Adenocarcinoma","Blood Derived Normal"
"485",0.871153846153846,1,0.00567204302754883,"Colon Adenocarcinoma","Blood Derived Normal"
"486",0.873076923076923,1,0.00566684163323447,"Colon Adenocarcinoma","Blood Derived Normal"
"487",0.875,1,0.00561740544164893,"Colon Adenocarcinoma","Blood Derived Normal"
"488",0.876923076923077,1,0.00557401377707401,"Colon Adenocarcinoma","Blood Derived Normal"
"489",0.878846153846154,1,0.00557398988698875,"Colon Adenocarcinoma","Blood Derived Normal"
"490",0.880769230769231,1,0.00552560520784115,"Colon Adenocarcinoma","Blood Derived Normal"
"491",0.882692307692308,1,0.00535903732972209,"Colon Adenocarcinoma","Blood Derived Normal"
"492",0.884615384615385,1,0.00535652739205723,"Colon Adenocarcinoma","Blood Derived Normal"
"493",0.886538461538461,1,0.00530007720219128,"Colon Adenocarcinoma","Blood Derived Normal"
"494",0.888461538461538,1,0.00523999118352872,"Colon Adenocarcinoma","Blood Derived Normal"
"495",0.890384615384615,1,0.005227321764115,"Colon Adenocarcinoma","Blood Derived Normal"
"496",0.892307692307692,1,0.00519531753515716,"Colon Adenocarcinoma","Blood Derived Normal"
"497",0.894230769230769,1,0.00511826916327187,"Colon Adenocarcinoma","Blood Derived Normal"
"498",0.896153846153846,1,0.00502421678972472,"Colon Adenocarcinoma","Blood Derived Normal"
"499",0.898076923076923,1,0.00500462866071058,"Colon Adenocarcinoma","Blood Derived Normal"
"500",0.9,1,0.00498553398633571,"Colon Adenocarcinoma","Blood Derived Normal"
"501",0.901923076923077,1,0.0049359389195493,"Colon Adenocarcinoma","Blood Derived Normal"
"502",0.903846153846154,1,0.00489974734425146,"Colon Adenocarcinoma","Blood Derived Normal"
"503",0.905769230769231,1,0.00484488910404223,"Colon Adenocarcinoma","Blood Derived Normal"
"504",0.907692307692308,1,0.0047748034813333,"Colon Adenocarcinoma","Blood Derived Normal"
"505",0.909615384615385,1,0.00474676130316668,"Colon Adenocarcinoma","Blood Derived Normal"
"506",0.911538461538462,1,0.00469231674325925,"Colon Adenocarcinoma","Blood Derived Normal"
"507",0.913461538461538,1,0.00462154717243334,"Colon Adenocarcinoma","Blood Derived Normal"
"508",0.915384615384615,1,0.00461882602677155,"Colon Adenocarcinoma","Blood Derived Normal"
"509",0.917307692307692,1,0.00461786578760432,"Colon Adenocarcinoma","Blood Derived Normal"
"510",0.919230769230769,1,0.00459622974989803,"Colon Adenocarcinoma","Blood Derived Normal"
"511",0.921153846153846,1,0.0044904204225692,"Colon Adenocarcinoma","Blood Derived Normal"
"512",0.923076923076923,1,0.00442012825138054,"Colon Adenocarcinoma","Blood Derived Normal"
"513",0.925,1,0.00437571145202262,"Colon Adenocarcinoma","Blood Derived Normal"
"514",0.926923076923077,1,0.00437516698199751,"Colon Adenocarcinoma","Blood Derived Normal"
"515",0.928846153846154,1,0.00430042802015325,"Colon Adenocarcinoma","Blood Derived Normal"
"516",0.930769230769231,1,0.00429176911819848,"Colon Adenocarcinoma","Blood Derived Normal"
"517",0.932692307692308,1,0.00427989957090003,"Colon Adenocarcinoma","Blood Derived Normal"
"518",0.934615384615385,1,0.00420445755411866,"Colon Adenocarcinoma","Blood Derived Normal"
"519",0.936538461538462,1,0.0041577775093439,"Colon Adenocarcinoma","Blood Derived Normal"
"520",0.938461538461538,1,0.00411583700990039,"Colon Adenocarcinoma","Blood Derived Normal"
"521",0.940384615384615,1,0.00399959147823146,"Colon Adenocarcinoma","Blood Derived Normal"
"522",0.942307692307692,1,0.003938430404698,"Colon Adenocarcinoma","Blood Derived Normal"
"523",0.944230769230769,1,0.0038253155162408,"Colon Adenocarcinoma","Blood Derived Normal"
"524",0.946153846153846,1,0.00360509020112224,"Colon Adenocarcinoma","Blood Derived Normal"
"525",0.948076923076923,1,0.00358362001560366,"Colon Adenocarcinoma","Blood Derived Normal"
"526",0.95,1,0.00357519663291475,"Colon Adenocarcinoma","Blood Derived Normal"
"527",0.951923076923077,1,0.00353248310031779,"Colon Adenocarcinoma","Blood Derived Normal"
"528",0.953846153846154,1,0.00348789218746082,"Colon Adenocarcinoma","Blood Derived Normal"
"529",0.955769230769231,1,0.00341213042336905,"Colon Adenocarcinoma","Blood Derived Normal"
"530",0.957692307692308,1,0.00335799601117303,"Colon Adenocarcinoma","Blood Derived Normal"
"531",0.959615384615385,1,0.00333310603972326,"Colon Adenocarcinoma","Blood Derived Normal"
"532",0.961538461538462,1,0.00323275973653909,"Colon Adenocarcinoma","Blood Derived Normal"
"533",0.963461538461538,1,0.00316460565635331,"Colon Adenocarcinoma","Blood Derived Normal"
"534",0.965384615384615,1,0.00309336267314276,"Colon Adenocarcinoma","Blood Derived Normal"
"535",0.967307692307692,1,0.0030780600058742,"Colon Adenocarcinoma","Blood Derived Normal"
"536",0.969230769230769,1,0.0029489256673572,"Colon Adenocarcinoma","Blood Derived Normal"
"537",0.971153846153846,1,0.00291514665801588,"Colon Adenocarcinoma","Blood Derived Normal"
"538",0.973076923076923,1,0.002821668404718,"Colon Adenocarcinoma","Blood Derived Normal"
"539",0.975,1,0.00279984527294483,"Colon Adenocarcinoma","Blood Derived Normal"
"540",0.976923076923077,1,0.0027581770799954,"Colon Adenocarcinoma","Blood Derived Normal"
"541",0.978846153846154,1,0.00271942414699229,"Colon Adenocarcinoma","Blood Derived Normal"
"542",0.980769230769231,1,0.0026208963876594,"Colon Adenocarcinoma","Blood Derived Normal"
"543",0.982692307692308,1,0.00240973446854151,"Colon Adenocarcinoma","Blood Derived Normal"
"544",0.984615384615385,1,0.00228531952161722,"Colon Adenocarcinoma","Blood Derived Normal"
"545",0.986538461538462,1,0.00226749262498728,"Colon Adenocarcinoma","Blood Derived Normal"
"546",0.988461538461539,1,0.00220637470807941,"Colon Adenocarcinoma","Blood Derived Normal"
"547",0.990384615384615,1,0.00180271025951856,"Colon Adenocarcinoma","Blood Derived Normal"
"548",0.992307692307692,1,0.00167477528821147,"Colon Adenocarcinoma","Blood Derived Normal"
"549",0.994230769230769,1,0.00153790172559836,"Colon Adenocarcinoma","Blood Derived Normal"
"550",0.996153846153846,1,0.00148772000394591,"Colon Adenocarcinoma","Blood Derived Normal"
"551",0.998076923076923,1,0.0010902632416978,"Colon Adenocarcinoma","Blood Derived Normal"
"552",1,1,0.0010902632416978,"Colon Adenocarcinoma","Blood Derived Normal"
