"1",0,0,0.996966108386039,"Breast Invasive Carcinoma","Primary Tumor vs Solid Tissue Normal"
"2",0,0.00308641975308642,0.993923703905772,"Breast Invasive Carcinoma","Primary Tumor vs Solid Tissue Normal"
"3",0.0303030303030303,0.00308641975308642,0.993761430744727,"Breast Invasive Carcinoma","Primary Tumor vs Solid Tissue Normal"
"4",0.0303030303030303,0.00617283950617284,0.992272893618407,"Breast Invasive Carcinoma","Primary Tumor vs Solid Tissue Normal"
"5",0.0303030303030303,0.00925925925925926,0.98925110537285,"Breast Invasive Carcinoma","Primary Tumor vs Solid Tissue Normal"
"6",0.0303030303030303,0.0123456790123457,0.987980053820251,"Breast Invasive Carcinoma","Primary Tumor vs Solid Tissue Normal"
"7",0.0303030303030303,0.0154320987654321,0.98132552054981,"Breast Invasive Carcinoma","Primary Tumor vs Solid Tissue Normal"
"8",0.0303030303030303,0.0185185185185185,0.980462863146752,"Breast Invasive Carcinoma","Primary Tumor vs Solid Tissue Normal"
"9",0.0303030303030303,0.0216049382716049,0.978530522262141,"Breast Invasive Carcinoma","Primary Tumor vs Solid Tissue Normal"
"10",0.0303030303030303,0.0246913580246914,0.967015744034442,"Breast Invasive Carcinoma","Primary Tumor vs Solid Tissue Normal"
"11",0.0303030303030303,0.0277777777777778,0.963589851276808,"Breast Invasive Carcinoma","Primary Tumor vs Solid Tissue Normal"
"12",0.0303030303030303,0.0308641975308642,0.962337808120188,"Breast Invasive Carcinoma","Primary Tumor vs Solid Tissue Normal"
"13",0.0303030303030303,0.0339506172839506,0.961918367611087,"Breast Invasive Carcinoma","Primary Tumor vs Solid Tissue Normal"
"14",0.0606060606060606,0.0339506172839506,0.96029859650921,"Breast Invasive Carcinoma","Primary Tumor vs Solid Tissue Normal"
"15",0.0606060606060606,0.037037037037037,0.9597898192914,"Breast Invasive Carcinoma","Primary Tumor vs Solid Tissue Normal"
"16",0.0606060606060606,0.0401234567901235,0.959180045310082,"Breast Invasive Carcinoma","Primary Tumor vs Solid Tissue Normal"
"17",0.0606060606060606,0.0432098765432099,0.958843770820485,"Breast Invasive Carcinoma","Primary Tumor vs Solid Tissue Normal"
"18",0.0606060606060606,0.0462962962962963,0.95546266009299,"Breast Invasive Carcinoma","Primary Tumor vs Solid Tissue Normal"
"19",0.0606060606060606,0.0493827160493827,0.954944342070442,"Breast Invasive Carcinoma","Primary Tumor vs Solid Tissue Normal"
"20",0.0606060606060606,0.0524691358024691,0.944389695102747,"Breast Invasive Carcinoma","Primary Tumor vs Solid Tissue Normal"
"21",0.0606060606060606,0.0555555555555556,0.943834437253928,"Breast Invasive Carcinoma","Primary Tumor vs Solid Tissue Normal"
"22",0.0909090909090909,0.0555555555555556,0.94297244677376,"Breast Invasive Carcinoma","Primary Tumor vs Solid Tissue Normal"
"23",0.0909090909090909,0.058641975308642,0.941807906129959,"Breast Invasive Carcinoma","Primary Tumor vs Solid Tissue Normal"
"24",0.0909090909090909,0.0617283950617284,0.941388070439423,"Breast Invasive Carcinoma","Primary Tumor vs Solid Tissue Normal"
"25",0.0909090909090909,0.0648148148148148,0.941330705176503,"Breast Invasive Carcinoma","Primary Tumor vs Solid Tissue Normal"
"26",0.0909090909090909,0.0679012345679012,0.934447143006978,"Breast Invasive Carcinoma","Primary Tumor vs Solid Tissue Normal"
"27",0.0909090909090909,0.0709876543209877,0.931273314650645,"Breast Invasive Carcinoma","Primary Tumor vs Solid Tissue Normal"
"28",0.0909090909090909,0.0740740740740741,0.929852255727458,"Breast Invasive Carcinoma","Primary Tumor vs Solid Tissue Normal"
"29",0.0909090909090909,0.0771604938271605,0.92600498388889,"Breast Invasive Carcinoma","Primary Tumor vs Solid Tissue Normal"
"30",0.0909090909090909,0.0802469135802469,0.922602400618331,"Breast Invasive Carcinoma","Primary Tumor vs Solid Tissue Normal"
"31",0.0909090909090909,0.0833333333333333,0.921616305591784,"Breast Invasive Carcinoma","Primary Tumor vs Solid Tissue Normal"
"32",0.121212121212121,0.0833333333333333,0.917646280098648,"Breast Invasive Carcinoma","Primary Tumor vs Solid Tissue Normal"
"33",0.121212121212121,0.0864197530864197,0.917424216017496,"Breast Invasive Carcinoma","Primary Tumor vs Solid Tissue Normal"
"34",0.121212121212121,0.0895061728395062,0.917322398911447,"Breast Invasive Carcinoma","Primary Tumor vs Solid Tissue Normal"
"35",0.151515151515152,0.0895061728395062,0.916035811891651,"Breast Invasive Carcinoma","Primary Tumor vs Solid Tissue Normal"
"36",0.151515151515152,0.0925925925925926,0.915857343149429,"Breast Invasive Carcinoma","Primary Tumor vs Solid Tissue Normal"
"37",0.151515151515152,0.095679012345679,0.915677151613615,"Breast Invasive Carcinoma","Primary Tumor vs Solid Tissue Normal"
"38",0.151515151515152,0.0987654320987654,0.915033073965373,"Breast Invasive Carcinoma","Primary Tumor vs Solid Tissue Normal"
"39",0.151515151515152,0.101851851851852,0.914650773127093,"Breast Invasive Carcinoma","Primary Tumor vs Solid Tissue Normal"
"40",0.151515151515152,0.104938271604938,0.911339815604493,"Breast Invasive Carcinoma","Primary Tumor vs Solid Tissue Normal"
"41",0.151515151515152,0.108024691358025,0.910240793062322,"Breast Invasive Carcinoma","Primary Tumor vs Solid Tissue Normal"
"42",0.151515151515152,0.111111111111111,0.908044225866489,"Breast Invasive Carcinoma","Primary Tumor vs Solid Tissue Normal"
"43",0.151515151515152,0.114197530864198,0.907067006155355,"Breast Invasive Carcinoma","Primary Tumor vs Solid Tissue Normal"
"44",0.151515151515152,0.117283950617284,0.906722503089409,"Breast Invasive Carcinoma","Primary Tumor vs Solid Tissue Normal"
"45",0.151515151515152,0.12037037037037,0.906525008269068,"Breast Invasive Carcinoma","Primary Tumor vs Solid Tissue Normal"
"46",0.151515151515152,0.123456790123457,0.905566847587861,"Breast Invasive Carcinoma","Primary Tumor vs Solid Tissue Normal"
"47",0.151515151515152,0.126543209876543,0.903820845104276,"Breast Invasive Carcinoma","Primary Tumor vs Solid Tissue Normal"
"48",0.151515151515152,0.12962962962963,0.902632728356445,"Breast Invasive Carcinoma","Primary Tumor vs Solid Tissue Normal"
"49",0.151515151515152,0.132716049382716,0.900889989331915,"Breast Invasive Carcinoma","Primary Tumor vs Solid Tissue Normal"
"50",0.151515151515152,0.135802469135802,0.900701289059417,"Breast Invasive Carcinoma","Primary Tumor vs Solid Tissue Normal"
"51",0.181818181818182,0.135802469135802,0.900647613682659,"Breast Invasive Carcinoma","Primary Tumor vs Solid Tissue Normal"
"52",0.181818181818182,0.138888888888889,0.899968248519697,"Breast Invasive Carcinoma","Primary Tumor vs Solid Tissue Normal"
"53",0.181818181818182,0.141975308641975,0.89851394677853,"Breast Invasive Carcinoma","Primary Tumor vs Solid Tissue Normal"
"54",0.181818181818182,0.145061728395062,0.897165124027616,"Breast Invasive Carcinoma","Primary Tumor vs Solid Tissue Normal"
"55",0.181818181818182,0.148148148148148,0.895281695742977,"Breast Invasive Carcinoma","Primary Tumor vs Solid Tissue Normal"
"56",0.181818181818182,0.151234567901235,0.891789691204452,"Breast Invasive Carcinoma","Primary Tumor vs Solid Tissue Normal"
"57",0.181818181818182,0.154320987654321,0.889979010343185,"Breast Invasive Carcinoma","Primary Tumor vs Solid Tissue Normal"
"58",0.181818181818182,0.157407407407407,0.887468823932761,"Breast Invasive Carcinoma","Primary Tumor vs Solid Tissue Normal"
"59",0.181818181818182,0.160493827160494,0.885377082939147,"Breast Invasive Carcinoma","Primary Tumor vs Solid Tissue Normal"
"60",0.181818181818182,0.16358024691358,0.883926860526907,"Breast Invasive Carcinoma","Primary Tumor vs Solid Tissue Normal"
"61",0.181818181818182,0.166666666666667,0.881194146760455,"Breast Invasive Carcinoma","Primary Tumor vs Solid Tissue Normal"
"62",0.181818181818182,0.169753086419753,0.880852045799671,"Breast Invasive Carcinoma","Primary Tumor vs Solid Tissue Normal"
"63",0.181818181818182,0.172839506172839,0.880256973250602,"Breast Invasive Carcinoma","Primary Tumor vs Solid Tissue Normal"
"64",0.181818181818182,0.175925925925926,0.878922414381204,"Breast Invasive Carcinoma","Primary Tumor vs Solid Tissue Normal"
"65",0.181818181818182,0.179012345679012,0.874119598152688,"Breast Invasive Carcinoma","Primary Tumor vs Solid Tissue Normal"
"66",0.181818181818182,0.182098765432099,0.871216532599337,"Breast Invasive Carcinoma","Primary Tumor vs Solid Tissue Normal"
"67",0.181818181818182,0.185185185185185,0.869770533773618,"Breast Invasive Carcinoma","Primary Tumor vs Solid Tissue Normal"
"68",0.181818181818182,0.188271604938272,0.866845766742417,"Breast Invasive Carcinoma","Primary Tumor vs Solid Tissue Normal"
"69",0.212121212121212,0.188271604938272,0.866367340061128,"Breast Invasive Carcinoma","Primary Tumor vs Solid Tissue Normal"
"70",0.242424242424242,0.188271604938272,0.864968335303155,"Breast Invasive Carcinoma","Primary Tumor vs Solid Tissue Normal"
"71",0.242424242424242,0.191358024691358,0.862949385165209,"Breast Invasive Carcinoma","Primary Tumor vs Solid Tissue Normal"
"72",0.272727272727273,0.191358024691358,0.862062927200382,"Breast Invasive Carcinoma","Primary Tumor vs Solid Tissue Normal"
"73",0.272727272727273,0.194444444444444,0.860304449529468,"Breast Invasive Carcinoma","Primary Tumor vs Solid Tissue Normal"
"74",0.272727272727273,0.197530864197531,0.859158116361545,"Breast Invasive Carcinoma","Primary Tumor vs Solid Tissue Normal"
"75",0.272727272727273,0.200617283950617,0.856672019578816,"Breast Invasive Carcinoma","Primary Tumor vs Solid Tissue Normal"
"76",0.272727272727273,0.203703703703704,0.854956637036483,"Breast Invasive Carcinoma","Primary Tumor vs Solid Tissue Normal"
"77",0.272727272727273,0.20679012345679,0.854054393394922,"Breast Invasive Carcinoma","Primary Tumor vs Solid Tissue Normal"
"78",0.272727272727273,0.209876543209877,0.853081040953053,"Breast Invasive Carcinoma","Primary Tumor vs Solid Tissue Normal"
"79",0.272727272727273,0.212962962962963,0.852599655320271,"Breast Invasive Carcinoma","Primary Tumor vs Solid Tissue Normal"
"80",0.272727272727273,0.216049382716049,0.850075029171215,"Breast Invasive Carcinoma","Primary Tumor vs Solid Tissue Normal"
"81",0.272727272727273,0.219135802469136,0.849589945463052,"Breast Invasive Carcinoma","Primary Tumor vs Solid Tissue Normal"
"82",0.272727272727273,0.222222222222222,0.849432385283323,"Breast Invasive Carcinoma","Primary Tumor vs Solid Tissue Normal"
"83",0.272727272727273,0.225308641975309,0.849226397619954,"Breast Invasive Carcinoma","Primary Tumor vs Solid Tissue Normal"
"84",0.272727272727273,0.228395061728395,0.848780610752184,"Breast Invasive Carcinoma","Primary Tumor vs Solid Tissue Normal"
"85",0.272727272727273,0.231481481481481,0.846491781636128,"Breast Invasive Carcinoma","Primary Tumor vs Solid Tissue Normal"
"86",0.272727272727273,0.234567901234568,0.846254192994911,"Breast Invasive Carcinoma","Primary Tumor vs Solid Tissue Normal"
"87",0.303030303030303,0.234567901234568,0.844920739615759,"Breast Invasive Carcinoma","Primary Tumor vs Solid Tissue Normal"
"88",0.303030303030303,0.237654320987654,0.8415938825585,"Breast Invasive Carcinoma","Primary Tumor vs Solid Tissue Normal"
"89",0.303030303030303,0.240740740740741,0.837950809207491,"Breast Invasive Carcinoma","Primary Tumor vs Solid Tissue Normal"
"90",0.303030303030303,0.243827160493827,0.835771038098927,"Breast Invasive Carcinoma","Primary Tumor vs Solid Tissue Normal"
"91",0.303030303030303,0.246913580246914,0.832023870953009,"Breast Invasive Carcinoma","Primary Tumor vs Solid Tissue Normal"
"92",0.303030303030303,0.25,0.831675257465369,"Breast Invasive Carcinoma","Primary Tumor vs Solid Tissue Normal"
"93",0.303030303030303,0.253086419753086,0.831401545499073,"Breast Invasive Carcinoma","Primary Tumor vs Solid Tissue Normal"
"94",0.303030303030303,0.256172839506173,0.829324515164336,"Breast Invasive Carcinoma","Primary Tumor vs Solid Tissue Normal"
"95",0.303030303030303,0.259259259259259,0.828314521498663,"Breast Invasive Carcinoma","Primary Tumor vs Solid Tissue Normal"
"96",0.303030303030303,0.262345679012346,0.825392297927434,"Breast Invasive Carcinoma","Primary Tumor vs Solid Tissue Normal"
"97",0.303030303030303,0.265432098765432,0.825104110162881,"Breast Invasive Carcinoma","Primary Tumor vs Solid Tissue Normal"
"98",0.303030303030303,0.268518518518519,0.821585930227631,"Breast Invasive Carcinoma","Primary Tumor vs Solid Tissue Normal"
"99",0.303030303030303,0.271604938271605,0.820629090654835,"Breast Invasive Carcinoma","Primary Tumor vs Solid Tissue Normal"
"100",0.303030303030303,0.274691358024691,0.819440221826446,"Breast Invasive Carcinoma","Primary Tumor vs Solid Tissue Normal"
"101",0.303030303030303,0.277777777777778,0.816177042694072,"Breast Invasive Carcinoma","Primary Tumor vs Solid Tissue Normal"
"102",0.333333333333333,0.277777777777778,0.809819374047593,"Breast Invasive Carcinoma","Primary Tumor vs Solid Tissue Normal"
"103",0.333333333333333,0.280864197530864,0.80350615086252,"Breast Invasive Carcinoma","Primary Tumor vs Solid Tissue Normal"
"104",0.333333333333333,0.283950617283951,0.801341425725767,"Breast Invasive Carcinoma","Primary Tumor vs Solid Tissue Normal"
"105",0.333333333333333,0.287037037037037,0.797517922482519,"Breast Invasive Carcinoma","Primary Tumor vs Solid Tissue Normal"
"106",0.333333333333333,0.290123456790123,0.796889807448304,"Breast Invasive Carcinoma","Primary Tumor vs Solid Tissue Normal"
"107",0.333333333333333,0.29320987654321,0.795847333545502,"Breast Invasive Carcinoma","Primary Tumor vs Solid Tissue Normal"
"108",0.333333333333333,0.296296296296296,0.795307105324535,"Breast Invasive Carcinoma","Primary Tumor vs Solid Tissue Normal"
"109",0.333333333333333,0.299382716049383,0.794118861003974,"Breast Invasive Carcinoma","Primary Tumor vs Solid Tissue Normal"
"110",0.333333333333333,0.302469135802469,0.78937955694456,"Breast Invasive Carcinoma","Primary Tumor vs Solid Tissue Normal"
"111",0.333333333333333,0.305555555555556,0.788736357773901,"Breast Invasive Carcinoma","Primary Tumor vs Solid Tissue Normal"
"112",0.333333333333333,0.308641975308642,0.785942581693455,"Breast Invasive Carcinoma","Primary Tumor vs Solid Tissue Normal"
"113",0.333333333333333,0.311728395061728,0.785786391647281,"Breast Invasive Carcinoma","Primary Tumor vs Solid Tissue Normal"
"114",0.333333333333333,0.314814814814815,0.785230737187068,"Breast Invasive Carcinoma","Primary Tumor vs Solid Tissue Normal"
"115",0.333333333333333,0.317901234567901,0.78272601814579,"Breast Invasive Carcinoma","Primary Tumor vs Solid Tissue Normal"
"116",0.333333333333333,0.320987654320988,0.780987187704799,"Breast Invasive Carcinoma","Primary Tumor vs Solid Tissue Normal"
"117",0.333333333333333,0.324074074074074,0.780953903967266,"Breast Invasive Carcinoma","Primary Tumor vs Solid Tissue Normal"
"118",0.333333333333333,0.327160493827161,0.780083805678555,"Breast Invasive Carcinoma","Primary Tumor vs Solid Tissue Normal"
"119",0.333333333333333,0.330246913580247,0.775796230551977,"Breast Invasive Carcinoma","Primary Tumor vs Solid Tissue Normal"
"120",0.363636363636364,0.330246913580247,0.775123686258828,"Breast Invasive Carcinoma","Primary Tumor vs Solid Tissue Normal"
"121",0.363636363636364,0.333333333333333,0.775017068254346,"Breast Invasive Carcinoma","Primary Tumor vs Solid Tissue Normal"
"122",0.363636363636364,0.33641975308642,0.774572782321424,"Breast Invasive Carcinoma","Primary Tumor vs Solid Tissue Normal"
"123",0.363636363636364,0.339506172839506,0.774239853038088,"Breast Invasive Carcinoma","Primary Tumor vs Solid Tissue Normal"
"124",0.363636363636364,0.342592592592593,0.773643395269201,"Breast Invasive Carcinoma","Primary Tumor vs Solid Tissue Normal"
"125",0.363636363636364,0.345679012345679,0.773448505755649,"Breast Invasive Carcinoma","Primary Tumor vs Solid Tissue Normal"
"126",0.363636363636364,0.348765432098765,0.773090319486296,"Breast Invasive Carcinoma","Primary Tumor vs Solid Tissue Normal"
"127",0.363636363636364,0.351851851851852,0.773015962827188,"Breast Invasive Carcinoma","Primary Tumor vs Solid Tissue Normal"
"128",0.393939393939394,0.351851851851852,0.772344351920879,"Breast Invasive Carcinoma","Primary Tumor vs Solid Tissue Normal"
"129",0.393939393939394,0.354938271604938,0.771139323752361,"Breast Invasive Carcinoma","Primary Tumor vs Solid Tissue Normal"
"130",0.393939393939394,0.358024691358025,0.770349452644946,"Breast Invasive Carcinoma","Primary Tumor vs Solid Tissue Normal"
"131",0.393939393939394,0.361111111111111,0.768922547804433,"Breast Invasive Carcinoma","Primary Tumor vs Solid Tissue Normal"
"132",0.393939393939394,0.364197530864198,0.762486778339029,"Breast Invasive Carcinoma","Primary Tumor vs Solid Tissue Normal"
"133",0.393939393939394,0.367283950617284,0.761680281138166,"Breast Invasive Carcinoma","Primary Tumor vs Solid Tissue Normal"
"134",0.393939393939394,0.37037037037037,0.761640435528536,"Breast Invasive Carcinoma","Primary Tumor vs Solid Tissue Normal"
"135",0.393939393939394,0.373456790123457,0.760609711592674,"Breast Invasive Carcinoma","Primary Tumor vs Solid Tissue Normal"
"136",0.393939393939394,0.376543209876543,0.760345459243387,"Breast Invasive Carcinoma","Primary Tumor vs Solid Tissue Normal"
"137",0.393939393939394,0.37962962962963,0.759697415838446,"Breast Invasive Carcinoma","Primary Tumor vs Solid Tissue Normal"
"138",0.393939393939394,0.382716049382716,0.758355104581693,"Breast Invasive Carcinoma","Primary Tumor vs Solid Tissue Normal"
"139",0.393939393939394,0.385802469135802,0.75741655120867,"Breast Invasive Carcinoma","Primary Tumor vs Solid Tissue Normal"
"140",0.393939393939394,0.388888888888889,0.756171567959854,"Breast Invasive Carcinoma","Primary Tumor vs Solid Tissue Normal"
"141",0.424242424242424,0.388888888888889,0.755262825837851,"Breast Invasive Carcinoma","Primary Tumor vs Solid Tissue Normal"
"142",0.424242424242424,0.391975308641975,0.753679483886583,"Breast Invasive Carcinoma","Primary Tumor vs Solid Tissue Normal"
"143",0.424242424242424,0.395061728395062,0.752122040533258,"Breast Invasive Carcinoma","Primary Tumor vs Solid Tissue Normal"
"144",0.424242424242424,0.398148148148148,0.751794381079345,"Breast Invasive Carcinoma","Primary Tumor vs Solid Tissue Normal"
"145",0.424242424242424,0.401234567901235,0.749550432840709,"Breast Invasive Carcinoma","Primary Tumor vs Solid Tissue Normal"
"146",0.424242424242424,0.404320987654321,0.747542280710581,"Breast Invasive Carcinoma","Primary Tumor vs Solid Tissue Normal"
"147",0.424242424242424,0.407407407407407,0.746532923430823,"Breast Invasive Carcinoma","Primary Tumor vs Solid Tissue Normal"
"148",0.424242424242424,0.410493827160494,0.744549860961497,"Breast Invasive Carcinoma","Primary Tumor vs Solid Tissue Normal"
"149",0.424242424242424,0.41358024691358,0.744183619762416,"Breast Invasive Carcinoma","Primary Tumor vs Solid Tissue Normal"
"150",0.424242424242424,0.416666666666667,0.744075545853432,"Breast Invasive Carcinoma","Primary Tumor vs Solid Tissue Normal"
"151",0.454545454545455,0.416666666666667,0.741490109335883,"Breast Invasive Carcinoma","Primary Tumor vs Solid Tissue Normal"
"152",0.454545454545455,0.419753086419753,0.739777277718313,"Breast Invasive Carcinoma","Primary Tumor vs Solid Tissue Normal"
"153",0.454545454545455,0.422839506172839,0.735710860775618,"Breast Invasive Carcinoma","Primary Tumor vs Solid Tissue Normal"
"154",0.454545454545455,0.425925925925926,0.734783839509596,"Breast Invasive Carcinoma","Primary Tumor vs Solid Tissue Normal"
"155",0.484848484848485,0.425925925925926,0.734187605972621,"Breast Invasive Carcinoma","Primary Tumor vs Solid Tissue Normal"
"156",0.484848484848485,0.429012345679012,0.733708539327014,"Breast Invasive Carcinoma","Primary Tumor vs Solid Tissue Normal"
"157",0.484848484848485,0.432098765432099,0.73362904030495,"Breast Invasive Carcinoma","Primary Tumor vs Solid Tissue Normal"
"158",0.484848484848485,0.435185185185185,0.733591276805093,"Breast Invasive Carcinoma","Primary Tumor vs Solid Tissue Normal"
"159",0.484848484848485,0.438271604938272,0.732335518947354,"Breast Invasive Carcinoma","Primary Tumor vs Solid Tissue Normal"
"160",0.484848484848485,0.441358024691358,0.731038102451923,"Breast Invasive Carcinoma","Primary Tumor vs Solid Tissue Normal"
"161",0.484848484848485,0.444444444444444,0.729428918388707,"Breast Invasive Carcinoma","Primary Tumor vs Solid Tissue Normal"
"162",0.484848484848485,0.447530864197531,0.726167908969879,"Breast Invasive Carcinoma","Primary Tumor vs Solid Tissue Normal"
"163",0.484848484848485,0.450617283950617,0.723906893378971,"Breast Invasive Carcinoma","Primary Tumor vs Solid Tissue Normal"
"164",0.484848484848485,0.453703703703704,0.718558942349713,"Breast Invasive Carcinoma","Primary Tumor vs Solid Tissue Normal"
"165",0.484848484848485,0.45679012345679,0.717841003597816,"Breast Invasive Carcinoma","Primary Tumor vs Solid Tissue Normal"
"166",0.484848484848485,0.459876543209877,0.715879142861729,"Breast Invasive Carcinoma","Primary Tumor vs Solid Tissue Normal"
"167",0.484848484848485,0.462962962962963,0.713919020677562,"Breast Invasive Carcinoma","Primary Tumor vs Solid Tissue Normal"
"168",0.484848484848485,0.466049382716049,0.70879860965571,"Breast Invasive Carcinoma","Primary Tumor vs Solid Tissue Normal"
"169",0.484848484848485,0.469135802469136,0.703043224325376,"Breast Invasive Carcinoma","Primary Tumor vs Solid Tissue Normal"
"170",0.484848484848485,0.472222222222222,0.699243866642843,"Breast Invasive Carcinoma","Primary Tumor vs Solid Tissue Normal"
"171",0.484848484848485,0.475308641975309,0.698330104908011,"Breast Invasive Carcinoma","Primary Tumor vs Solid Tissue Normal"
"172",0.484848484848485,0.478395061728395,0.695589436690338,"Breast Invasive Carcinoma","Primary Tumor vs Solid Tissue Normal"
"173",0.484848484848485,0.481481481481481,0.695498684868268,"Breast Invasive Carcinoma","Primary Tumor vs Solid Tissue Normal"
"174",0.484848484848485,0.484567901234568,0.692823069544393,"Breast Invasive Carcinoma","Primary Tumor vs Solid Tissue Normal"
"175",0.484848484848485,0.487654320987654,0.688818701274331,"Breast Invasive Carcinoma","Primary Tumor vs Solid Tissue Normal"
"176",0.484848484848485,0.490740740740741,0.685379207738608,"Breast Invasive Carcinoma","Primary Tumor vs Solid Tissue Normal"
"177",0.484848484848485,0.493827160493827,0.685275289931106,"Breast Invasive Carcinoma","Primary Tumor vs Solid Tissue Normal"
"178",0.484848484848485,0.496913580246914,0.683923464056242,"Breast Invasive Carcinoma","Primary Tumor vs Solid Tissue Normal"
"179",0.484848484848485,0.5,0.682205802120238,"Breast Invasive Carcinoma","Primary Tumor vs Solid Tissue Normal"
"180",0.484848484848485,0.503086419753086,0.680440803476809,"Breast Invasive Carcinoma","Primary Tumor vs Solid Tissue Normal"
"181",0.484848484848485,0.506172839506173,0.67934268967207,"Breast Invasive Carcinoma","Primary Tumor vs Solid Tissue Normal"
"182",0.484848484848485,0.509259259259259,0.678588686734986,"Breast Invasive Carcinoma","Primary Tumor vs Solid Tissue Normal"
"183",0.484848484848485,0.512345679012346,0.676822668191764,"Breast Invasive Carcinoma","Primary Tumor vs Solid Tissue Normal"
"184",0.484848484848485,0.515432098765432,0.674636430314198,"Breast Invasive Carcinoma","Primary Tumor vs Solid Tissue Normal"
"185",0.484848484848485,0.518518518518518,0.671682870993781,"Breast Invasive Carcinoma","Primary Tumor vs Solid Tissue Normal"
"186",0.484848484848485,0.521604938271605,0.670509551517883,"Breast Invasive Carcinoma","Primary Tumor vs Solid Tissue Normal"
"187",0.484848484848485,0.524691358024691,0.667967184858054,"Breast Invasive Carcinoma","Primary Tumor vs Solid Tissue Normal"
"188",0.484848484848485,0.527777777777778,0.667801491184285,"Breast Invasive Carcinoma","Primary Tumor vs Solid Tissue Normal"
"189",0.484848484848485,0.530864197530864,0.66507596769906,"Breast Invasive Carcinoma","Primary Tumor vs Solid Tissue Normal"
"190",0.484848484848485,0.533950617283951,0.663032979834617,"Breast Invasive Carcinoma","Primary Tumor vs Solid Tissue Normal"
"191",0.484848484848485,0.537037037037037,0.662492045869773,"Breast Invasive Carcinoma","Primary Tumor vs Solid Tissue Normal"
"192",0.484848484848485,0.540123456790123,0.659651412764053,"Breast Invasive Carcinoma","Primary Tumor vs Solid Tissue Normal"
"193",0.484848484848485,0.54320987654321,0.656135984246295,"Breast Invasive Carcinoma","Primary Tumor vs Solid Tissue Normal"
"194",0.484848484848485,0.546296296296296,0.652085902127477,"Breast Invasive Carcinoma","Primary Tumor vs Solid Tissue Normal"
"195",0.484848484848485,0.549382716049383,0.651093522080874,"Breast Invasive Carcinoma","Primary Tumor vs Solid Tissue Normal"
"196",0.484848484848485,0.552469135802469,0.635708512886369,"Breast Invasive Carcinoma","Primary Tumor vs Solid Tissue Normal"
"197",0.484848484848485,0.555555555555556,0.62493620368609,"Breast Invasive Carcinoma","Primary Tumor vs Solid Tissue Normal"
"198",0.484848484848485,0.558641975308642,0.624558586335403,"Breast Invasive Carcinoma","Primary Tumor vs Solid Tissue Normal"
"199",0.484848484848485,0.561728395061728,0.623122585333112,"Breast Invasive Carcinoma","Primary Tumor vs Solid Tissue Normal"
"200",0.484848484848485,0.564814814814815,0.614206570581536,"Breast Invasive Carcinoma","Primary Tumor vs Solid Tissue Normal"
"201",0.484848484848485,0.567901234567901,0.612583119365552,"Breast Invasive Carcinoma","Primary Tumor vs Solid Tissue Normal"
"202",0.484848484848485,0.570987654320988,0.611023629930338,"Breast Invasive Carcinoma","Primary Tumor vs Solid Tissue Normal"
"203",0.484848484848485,0.574074074074074,0.608214032279478,"Breast Invasive Carcinoma","Primary Tumor vs Solid Tissue Normal"
"204",0.484848484848485,0.577160493827161,0.601531640110524,"Breast Invasive Carcinoma","Primary Tumor vs Solid Tissue Normal"
"205",0.484848484848485,0.580246913580247,0.601449950700539,"Breast Invasive Carcinoma","Primary Tumor vs Solid Tissue Normal"
"206",0.484848484848485,0.583333333333333,0.600616156170877,"Breast Invasive Carcinoma","Primary Tumor vs Solid Tissue Normal"
"207",0.515151515151515,0.583333333333333,0.598363217049481,"Breast Invasive Carcinoma","Primary Tumor vs Solid Tissue Normal"
"208",0.515151515151515,0.58641975308642,0.595926303616975,"Breast Invasive Carcinoma","Primary Tumor vs Solid Tissue Normal"
"209",0.515151515151515,0.589506172839506,0.595888446179696,"Breast Invasive Carcinoma","Primary Tumor vs Solid Tissue Normal"
"210",0.515151515151515,0.592592592592593,0.595801865886551,"Breast Invasive Carcinoma","Primary Tumor vs Solid Tissue Normal"
"211",0.515151515151515,0.595679012345679,0.59509285131609,"Breast Invasive Carcinoma","Primary Tumor vs Solid Tissue Normal"
"212",0.515151515151515,0.598765432098765,0.594182408323162,"Breast Invasive Carcinoma","Primary Tumor vs Solid Tissue Normal"
"213",0.545454545454545,0.598765432098765,0.588438259722035,"Breast Invasive Carcinoma","Primary Tumor vs Solid Tissue Normal"
"214",0.545454545454545,0.601851851851852,0.586059977385247,"Breast Invasive Carcinoma","Primary Tumor vs Solid Tissue Normal"
"215",0.545454545454545,0.604938271604938,0.580994661063559,"Breast Invasive Carcinoma","Primary Tumor vs Solid Tissue Normal"
"216",0.575757575757576,0.604938271604938,0.577591499819272,"Breast Invasive Carcinoma","Primary Tumor vs Solid Tissue Normal"
"217",0.575757575757576,0.608024691358025,0.576785580951171,"Breast Invasive Carcinoma","Primary Tumor vs Solid Tissue Normal"
"218",0.606060606060606,0.608024691358025,0.576779036486476,"Breast Invasive Carcinoma","Primary Tumor vs Solid Tissue Normal"
"219",0.606060606060606,0.611111111111111,0.574920148623003,"Breast Invasive Carcinoma","Primary Tumor vs Solid Tissue Normal"
"220",0.606060606060606,0.614197530864197,0.574218919828852,"Breast Invasive Carcinoma","Primary Tumor vs Solid Tissue Normal"
"221",0.606060606060606,0.617283950617284,0.571434649214794,"Breast Invasive Carcinoma","Primary Tumor vs Solid Tissue Normal"
"222",0.606060606060606,0.62037037037037,0.568175276935445,"Breast Invasive Carcinoma","Primary Tumor vs Solid Tissue Normal"
"223",0.636363636363636,0.62037037037037,0.568111191318558,"Breast Invasive Carcinoma","Primary Tumor vs Solid Tissue Normal"
"224",0.636363636363636,0.623456790123457,0.565990920093015,"Breast Invasive Carcinoma","Primary Tumor vs Solid Tissue Normal"
"225",0.636363636363636,0.626543209876543,0.56305543368253,"Breast Invasive Carcinoma","Primary Tumor vs Solid Tissue Normal"
"226",0.636363636363636,0.62962962962963,0.560236088957819,"Breast Invasive Carcinoma","Primary Tumor vs Solid Tissue Normal"
"227",0.666666666666667,0.62962962962963,0.559819086573388,"Breast Invasive Carcinoma","Primary Tumor vs Solid Tissue Normal"
"228",0.666666666666667,0.632716049382716,0.559189963587893,"Breast Invasive Carcinoma","Primary Tumor vs Solid Tissue Normal"
"229",0.666666666666667,0.635802469135803,0.55458113763913,"Breast Invasive Carcinoma","Primary Tumor vs Solid Tissue Normal"
"230",0.696969696969697,0.635802469135803,0.552111688824354,"Breast Invasive Carcinoma","Primary Tumor vs Solid Tissue Normal"
"231",0.696969696969697,0.638888888888889,0.550703698514237,"Breast Invasive Carcinoma","Primary Tumor vs Solid Tissue Normal"
"232",0.696969696969697,0.641975308641975,0.549978169332873,"Breast Invasive Carcinoma","Primary Tumor vs Solid Tissue Normal"
"233",0.727272727272727,0.641975308641975,0.548008424372251,"Breast Invasive Carcinoma","Primary Tumor vs Solid Tissue Normal"
"234",0.727272727272727,0.645061728395062,0.542161958367069,"Breast Invasive Carcinoma","Primary Tumor vs Solid Tissue Normal"
"235",0.727272727272727,0.648148148148148,0.541431715646742,"Breast Invasive Carcinoma","Primary Tumor vs Solid Tissue Normal"
"236",0.727272727272727,0.651234567901235,0.541429431273428,"Breast Invasive Carcinoma","Primary Tumor vs Solid Tissue Normal"
"237",0.727272727272727,0.654320987654321,0.536158251699292,"Breast Invasive Carcinoma","Primary Tumor vs Solid Tissue Normal"
"238",0.727272727272727,0.657407407407407,0.535775984272194,"Breast Invasive Carcinoma","Primary Tumor vs Solid Tissue Normal"
"239",0.727272727272727,0.660493827160494,0.535266061571293,"Breast Invasive Carcinoma","Primary Tumor vs Solid Tissue Normal"
"240",0.727272727272727,0.66358024691358,0.531906112128319,"Breast Invasive Carcinoma","Primary Tumor vs Solid Tissue Normal"
"241",0.727272727272727,0.666666666666667,0.531017922563906,"Breast Invasive Carcinoma","Primary Tumor vs Solid Tissue Normal"
"242",0.727272727272727,0.669753086419753,0.530935365150498,"Breast Invasive Carcinoma","Primary Tumor vs Solid Tissue Normal"
"243",0.727272727272727,0.672839506172839,0.530426031062686,"Breast Invasive Carcinoma","Primary Tumor vs Solid Tissue Normal"
"244",0.727272727272727,0.675925925925926,0.530161710844708,"Breast Invasive Carcinoma","Primary Tumor vs Solid Tissue Normal"
"245",0.727272727272727,0.679012345679012,0.530064141016296,"Breast Invasive Carcinoma","Primary Tumor vs Solid Tissue Normal"
"246",0.757575757575758,0.679012345679012,0.527256282773654,"Breast Invasive Carcinoma","Primary Tumor vs Solid Tissue Normal"
"247",0.757575757575758,0.682098765432099,0.526315655015058,"Breast Invasive Carcinoma","Primary Tumor vs Solid Tissue Normal"
"248",0.757575757575758,0.685185185185185,0.5225699305258,"Breast Invasive Carcinoma","Primary Tumor vs Solid Tissue Normal"
"249",0.757575757575758,0.688271604938272,0.521832365795487,"Breast Invasive Carcinoma","Primary Tumor vs Solid Tissue Normal"
"250",0.757575757575758,0.691358024691358,0.520306769301227,"Breast Invasive Carcinoma","Primary Tumor vs Solid Tissue Normal"
"251",0.757575757575758,0.694444444444444,0.518637609364461,"Breast Invasive Carcinoma","Primary Tumor vs Solid Tissue Normal"
"252",0.757575757575758,0.697530864197531,0.517709646908679,"Breast Invasive Carcinoma","Primary Tumor vs Solid Tissue Normal"
"253",0.757575757575758,0.700617283950617,0.516242555691695,"Breast Invasive Carcinoma","Primary Tumor vs Solid Tissue Normal"
"254",0.757575757575758,0.703703703703704,0.51091872940893,"Breast Invasive Carcinoma","Primary Tumor vs Solid Tissue Normal"
"255",0.757575757575758,0.70679012345679,0.510694248775124,"Breast Invasive Carcinoma","Primary Tumor vs Solid Tissue Normal"
"256",0.757575757575758,0.709876543209877,0.508574482593794,"Breast Invasive Carcinoma","Primary Tumor vs Solid Tissue Normal"
"257",0.787878787878788,0.709876543209877,0.502236841119461,"Breast Invasive Carcinoma","Primary Tumor vs Solid Tissue Normal"
"258",0.787878787878788,0.712962962962963,0.499057220788812,"Breast Invasive Carcinoma","Primary Tumor vs Solid Tissue Normal"
"259",0.787878787878788,0.716049382716049,0.494167257885842,"Breast Invasive Carcinoma","Primary Tumor vs Solid Tissue Normal"
"260",0.787878787878788,0.719135802469136,0.492545342110869,"Breast Invasive Carcinoma","Primary Tumor vs Solid Tissue Normal"
"261",0.787878787878788,0.722222222222222,0.491870820167112,"Breast Invasive Carcinoma","Primary Tumor vs Solid Tissue Normal"
"262",0.787878787878788,0.725308641975309,0.489279790824877,"Breast Invasive Carcinoma","Primary Tumor vs Solid Tissue Normal"
"263",0.787878787878788,0.728395061728395,0.486012931719584,"Breast Invasive Carcinoma","Primary Tumor vs Solid Tissue Normal"
"264",0.787878787878788,0.731481481481482,0.485624678776705,"Breast Invasive Carcinoma","Primary Tumor vs Solid Tissue Normal"
"265",0.787878787878788,0.734567901234568,0.482839813400619,"Breast Invasive Carcinoma","Primary Tumor vs Solid Tissue Normal"
"266",0.787878787878788,0.737654320987654,0.481242801090981,"Breast Invasive Carcinoma","Primary Tumor vs Solid Tissue Normal"
"267",0.787878787878788,0.740740740740741,0.479223843977429,"Breast Invasive Carcinoma","Primary Tumor vs Solid Tissue Normal"
"268",0.787878787878788,0.743827160493827,0.475383771960797,"Breast Invasive Carcinoma","Primary Tumor vs Solid Tissue Normal"
"269",0.787878787878788,0.746913580246914,0.468315187132386,"Breast Invasive Carcinoma","Primary Tumor vs Solid Tissue Normal"
"270",0.787878787878788,0.75,0.464908768905059,"Breast Invasive Carcinoma","Primary Tumor vs Solid Tissue Normal"
"271",0.787878787878788,0.753086419753086,0.462284738351551,"Breast Invasive Carcinoma","Primary Tumor vs Solid Tissue Normal"
"272",0.787878787878788,0.756172839506173,0.461231654460494,"Breast Invasive Carcinoma","Primary Tumor vs Solid Tissue Normal"
"273",0.787878787878788,0.759259259259259,0.458532854578936,"Breast Invasive Carcinoma","Primary Tumor vs Solid Tissue Normal"
"274",0.787878787878788,0.762345679012346,0.455647887154583,"Breast Invasive Carcinoma","Primary Tumor vs Solid Tissue Normal"
"275",0.787878787878788,0.765432098765432,0.454791667078145,"Breast Invasive Carcinoma","Primary Tumor vs Solid Tissue Normal"
"276",0.787878787878788,0.768518518518518,0.452278004219749,"Breast Invasive Carcinoma","Primary Tumor vs Solid Tissue Normal"
"277",0.787878787878788,0.771604938271605,0.449166401944755,"Breast Invasive Carcinoma","Primary Tumor vs Solid Tissue Normal"
"278",0.787878787878788,0.774691358024691,0.448413316814756,"Breast Invasive Carcinoma","Primary Tumor vs Solid Tissue Normal"
"279",0.787878787878788,0.777777777777778,0.447885689118718,"Breast Invasive Carcinoma","Primary Tumor vs Solid Tissue Normal"
"280",0.787878787878788,0.780864197530864,0.447685256239093,"Breast Invasive Carcinoma","Primary Tumor vs Solid Tissue Normal"
"281",0.787878787878788,0.783950617283951,0.44752913751253,"Breast Invasive Carcinoma","Primary Tumor vs Solid Tissue Normal"
"282",0.787878787878788,0.787037037037037,0.444726291684801,"Breast Invasive Carcinoma","Primary Tumor vs Solid Tissue Normal"
"283",0.787878787878788,0.790123456790123,0.442919083368606,"Breast Invasive Carcinoma","Primary Tumor vs Solid Tissue Normal"
"284",0.787878787878788,0.79320987654321,0.440925310822492,"Breast Invasive Carcinoma","Primary Tumor vs Solid Tissue Normal"
"285",0.787878787878788,0.796296296296296,0.439845582300349,"Breast Invasive Carcinoma","Primary Tumor vs Solid Tissue Normal"
"286",0.787878787878788,0.799382716049383,0.438926798060844,"Breast Invasive Carcinoma","Primary Tumor vs Solid Tissue Normal"
"287",0.787878787878788,0.802469135802469,0.438020195795657,"Breast Invasive Carcinoma","Primary Tumor vs Solid Tissue Normal"
"288",0.787878787878788,0.805555555555556,0.433068490809161,"Breast Invasive Carcinoma","Primary Tumor vs Solid Tissue Normal"
"289",0.818181818181818,0.805555555555556,0.432875509871074,"Breast Invasive Carcinoma","Primary Tumor vs Solid Tissue Normal"
"290",0.818181818181818,0.808641975308642,0.43206496389091,"Breast Invasive Carcinoma","Primary Tumor vs Solid Tissue Normal"
"291",0.818181818181818,0.811728395061728,0.430883544752339,"Breast Invasive Carcinoma","Primary Tumor vs Solid Tissue Normal"
"292",0.818181818181818,0.814814814814815,0.430608214216988,"Breast Invasive Carcinoma","Primary Tumor vs Solid Tissue Normal"
"293",0.848484848484849,0.814814814814815,0.429266338130867,"Breast Invasive Carcinoma","Primary Tumor vs Solid Tissue Normal"
"294",0.848484848484849,0.817901234567901,0.427308200690657,"Breast Invasive Carcinoma","Primary Tumor vs Solid Tissue Normal"
"295",0.848484848484849,0.820987654320988,0.425958663649771,"Breast Invasive Carcinoma","Primary Tumor vs Solid Tissue Normal"
"296",0.848484848484849,0.824074074074074,0.421180956741865,"Breast Invasive Carcinoma","Primary Tumor vs Solid Tissue Normal"
"297",0.848484848484849,0.827160493827161,0.413888184440468,"Breast Invasive Carcinoma","Primary Tumor vs Solid Tissue Normal"
"298",0.848484848484849,0.830246913580247,0.413745422484229,"Breast Invasive Carcinoma","Primary Tumor vs Solid Tissue Normal"
"299",0.848484848484849,0.833333333333333,0.411712955375489,"Breast Invasive Carcinoma","Primary Tumor vs Solid Tissue Normal"
"300",0.848484848484849,0.83641975308642,0.409768681832931,"Breast Invasive Carcinoma","Primary Tumor vs Solid Tissue Normal"
"301",0.878787878787879,0.83641975308642,0.409481557331398,"Breast Invasive Carcinoma","Primary Tumor vs Solid Tissue Normal"
"302",0.878787878787879,0.839506172839506,0.403553087803631,"Breast Invasive Carcinoma","Primary Tumor vs Solid Tissue Normal"
"303",0.878787878787879,0.842592592592593,0.402697973277574,"Breast Invasive Carcinoma","Primary Tumor vs Solid Tissue Normal"
"304",0.878787878787879,0.845679012345679,0.398908526971752,"Breast Invasive Carcinoma","Primary Tumor vs Solid Tissue Normal"
"305",0.878787878787879,0.848765432098765,0.398378258984724,"Breast Invasive Carcinoma","Primary Tumor vs Solid Tissue Normal"
"306",0.878787878787879,0.851851851851852,0.396108670964446,"Breast Invasive Carcinoma","Primary Tumor vs Solid Tissue Normal"
"307",0.878787878787879,0.854938271604938,0.394633555839135,"Breast Invasive Carcinoma","Primary Tumor vs Solid Tissue Normal"
"308",0.878787878787879,0.858024691358025,0.393196487719839,"Breast Invasive Carcinoma","Primary Tumor vs Solid Tissue Normal"
"309",0.878787878787879,0.861111111111111,0.390425870334333,"Breast Invasive Carcinoma","Primary Tumor vs Solid Tissue Normal"
"310",0.878787878787879,0.864197530864197,0.388662232282789,"Breast Invasive Carcinoma","Primary Tumor vs Solid Tissue Normal"
"311",0.878787878787879,0.867283950617284,0.387691084336602,"Breast Invasive Carcinoma","Primary Tumor vs Solid Tissue Normal"
"312",0.909090909090909,0.867283950617284,0.386984725252154,"Breast Invasive Carcinoma","Primary Tumor vs Solid Tissue Normal"
"313",0.909090909090909,0.87037037037037,0.383160689290883,"Breast Invasive Carcinoma","Primary Tumor vs Solid Tissue Normal"
"314",0.909090909090909,0.873456790123457,0.377677749835727,"Breast Invasive Carcinoma","Primary Tumor vs Solid Tissue Normal"
"315",0.909090909090909,0.876543209876543,0.377510917632506,"Breast Invasive Carcinoma","Primary Tumor vs Solid Tissue Normal"
"316",0.909090909090909,0.87962962962963,0.377148436230138,"Breast Invasive Carcinoma","Primary Tumor vs Solid Tissue Normal"
"317",0.909090909090909,0.882716049382716,0.376685871021083,"Breast Invasive Carcinoma","Primary Tumor vs Solid Tissue Normal"
"318",0.909090909090909,0.885802469135803,0.376658466879953,"Breast Invasive Carcinoma","Primary Tumor vs Solid Tissue Normal"
"319",0.909090909090909,0.888888888888889,0.372728254399426,"Breast Invasive Carcinoma","Primary Tumor vs Solid Tissue Normal"
"320",0.909090909090909,0.891975308641975,0.37067874871261,"Breast Invasive Carcinoma","Primary Tumor vs Solid Tissue Normal"
"321",0.939393939393939,0.891975308641975,0.365915655116276,"Breast Invasive Carcinoma","Primary Tumor vs Solid Tissue Normal"
"322",0.939393939393939,0.895061728395062,0.365492372959859,"Breast Invasive Carcinoma","Primary Tumor vs Solid Tissue Normal"
"323",0.939393939393939,0.898148148148148,0.36197506134138,"Breast Invasive Carcinoma","Primary Tumor vs Solid Tissue Normal"
"324",0.939393939393939,0.901234567901235,0.358285519262294,"Breast Invasive Carcinoma","Primary Tumor vs Solid Tissue Normal"
"325",0.939393939393939,0.904320987654321,0.35699385980941,"Breast Invasive Carcinoma","Primary Tumor vs Solid Tissue Normal"
"326",0.96969696969697,0.904320987654321,0.355211711620548,"Breast Invasive Carcinoma","Primary Tumor vs Solid Tissue Normal"
"327",0.96969696969697,0.907407407407407,0.352953829609145,"Breast Invasive Carcinoma","Primary Tumor vs Solid Tissue Normal"
"328",0.96969696969697,0.910493827160494,0.352574545367227,"Breast Invasive Carcinoma","Primary Tumor vs Solid Tissue Normal"
"329",0.96969696969697,0.91358024691358,0.348739202140666,"Breast Invasive Carcinoma","Primary Tumor vs Solid Tissue Normal"
"330",0.96969696969697,0.916666666666667,0.343606150832572,"Breast Invasive Carcinoma","Primary Tumor vs Solid Tissue Normal"
"331",0.96969696969697,0.919753086419753,0.343544942125214,"Breast Invasive Carcinoma","Primary Tumor vs Solid Tissue Normal"
"332",1,0.919753086419753,0.340274812297496,"Breast Invasive Carcinoma","Primary Tumor vs Solid Tissue Normal"
"333",1,0.922839506172839,0.338941080793839,"Breast Invasive Carcinoma","Primary Tumor vs Solid Tissue Normal"
"334",1,0.925925925925926,0.338060256465035,"Breast Invasive Carcinoma","Primary Tumor vs Solid Tissue Normal"
"335",1,0.929012345679012,0.337864582733418,"Breast Invasive Carcinoma","Primary Tumor vs Solid Tissue Normal"
"336",1,0.932098765432099,0.334827507452623,"Breast Invasive Carcinoma","Primary Tumor vs Solid Tissue Normal"
"337",1,0.935185185185185,0.333517059923007,"Breast Invasive Carcinoma","Primary Tumor vs Solid Tissue Normal"
"338",1,0.938271604938272,0.331581833223902,"Breast Invasive Carcinoma","Primary Tumor vs Solid Tissue Normal"
"339",1,0.941358024691358,0.319869572104574,"Breast Invasive Carcinoma","Primary Tumor vs Solid Tissue Normal"
"340",1,0.944444444444444,0.318341876986662,"Breast Invasive Carcinoma","Primary Tumor vs Solid Tissue Normal"
"341",1,0.947530864197531,0.317900460177027,"Breast Invasive Carcinoma","Primary Tumor vs Solid Tissue Normal"
"342",1,0.950617283950617,0.313988133690741,"Breast Invasive Carcinoma","Primary Tumor vs Solid Tissue Normal"
"343",1,0.953703703703704,0.309111087580843,"Breast Invasive Carcinoma","Primary Tumor vs Solid Tissue Normal"
"344",1,0.95679012345679,0.308663078051291,"Breast Invasive Carcinoma","Primary Tumor vs Solid Tissue Normal"
"345",1,0.959876543209877,0.302105302648862,"Breast Invasive Carcinoma","Primary Tumor vs Solid Tissue Normal"
"346",1,0.962962962962963,0.294473460797452,"Breast Invasive Carcinoma","Primary Tumor vs Solid Tissue Normal"
"347",1,0.966049382716049,0.285587726941996,"Breast Invasive Carcinoma","Primary Tumor vs Solid Tissue Normal"
"348",1,0.969135802469136,0.263489623373715,"Breast Invasive Carcinoma","Primary Tumor vs Solid Tissue Normal"
"349",1,0.972222222222222,0.251644828879146,"Breast Invasive Carcinoma","Primary Tumor vs Solid Tissue Normal"
"350",1,0.975308641975309,0.246904915991416,"Breast Invasive Carcinoma","Primary Tumor vs Solid Tissue Normal"
"351",1,0.978395061728395,0.242942069387243,"Breast Invasive Carcinoma","Primary Tumor vs Solid Tissue Normal"
"352",1,0.981481481481482,0.238584594910217,"Breast Invasive Carcinoma","Primary Tumor vs Solid Tissue Normal"
"353",1,0.984567901234568,0.235966401730128,"Breast Invasive Carcinoma","Primary Tumor vs Solid Tissue Normal"
"354",1,0.987654320987654,0.234975286207216,"Breast Invasive Carcinoma","Primary Tumor vs Solid Tissue Normal"
"355",1,0.990740740740741,0.218231771341582,"Breast Invasive Carcinoma","Primary Tumor vs Solid Tissue Normal"
"356",1,0.993827160493827,0.216626283597701,"Breast Invasive Carcinoma","Primary Tumor vs Solid Tissue Normal"
"357",1,0.996913580246914,0.121092426152745,"Breast Invasive Carcinoma","Primary Tumor vs Solid Tissue Normal"
"358",1,1,0.121092426152745,"Breast Invasive Carcinoma","Primary Tumor vs Solid Tissue Normal"
