"1",1,0.885416666666667,0.024410675090176,"Stomach Adenocarcinoma","Primary Tumor vs Solid Tissue Normal"
"2",1,0.885416666666667,0.024410675090176,"Stomach Adenocarcinoma","Primary Tumor vs Solid Tissue Normal"
"3",1,0.888501742160279,0.0534346937290504,"Stomach Adenocarcinoma","Primary Tumor vs Solid Tissue Normal"
"4",1,0.891608391608392,0.0636135559346798,"Stomach Adenocarcinoma","Primary Tumor vs Solid Tissue Normal"
"5",1,0.894736842105263,0.0886405126817987,"Stomach Adenocarcinoma","Primary Tumor vs Solid Tissue Normal"
"6",1,0.897887323943662,0.0944562319368556,"Stomach Adenocarcinoma","Primary Tumor vs Solid Tissue Normal"
"7",1,0.901060070671378,0.0963386541025155,"Stomach Adenocarcinoma","Primary Tumor vs Solid Tissue Normal"
"8",1,0.904255319148936,0.105152313795474,"Stomach Adenocarcinoma","Primary Tumor vs Solid Tissue Normal"
"9",1,0.907473309608541,0.108336414161604,"Stomach Adenocarcinoma","Primary Tumor vs Solid Tissue Normal"
"10",1,0.910714285714286,0.118664530660011,"Stomach Adenocarcinoma","Primary Tumor vs Solid Tissue Normal"
"11",1,0.913978494623656,0.139313089936167,"Stomach Adenocarcinoma","Primary Tumor vs Solid Tissue Normal"
"12",1,0.91726618705036,0.147157542489333,"Stomach Adenocarcinoma","Primary Tumor vs Solid Tissue Normal"
"13",1,0.92057761732852,0.174851860991385,"Stomach Adenocarcinoma","Primary Tumor vs Solid Tissue Normal"
"14",0.996078431372549,0.920289855072464,0.223482096906054,"Stomach Adenocarcinoma","Primary Tumor vs Solid Tissue Normal"
"15",0.996078431372549,0.923636363636364,0.228174220454164,"Stomach Adenocarcinoma","Primary Tumor vs Solid Tissue Normal"
"16",0.996078431372549,0.927007299270073,0.268565698212967,"Stomach Adenocarcinoma","Primary Tumor vs Solid Tissue Normal"
"17",0.992156862745098,0.926739926739927,0.27070718006108,"Stomach Adenocarcinoma","Primary Tumor vs Solid Tissue Normal"
"18",0.992156862745098,0.930147058823529,0.292516126122832,"Stomach Adenocarcinoma","Primary Tumor vs Solid Tissue Normal"
"19",0.992156862745098,0.933579335793358,0.31502912908253,"Stomach Adenocarcinoma","Primary Tumor vs Solid Tissue Normal"
"20",0.988235294117647,0.933333333333333,0.32015271578958,"Stomach Adenocarcinoma","Primary Tumor vs Solid Tissue Normal"
"21",0.988235294117647,0.936802973977695,0.32174663274334,"Stomach Adenocarcinoma","Primary Tumor vs Solid Tissue Normal"
"22",0.988235294117647,0.940298507462687,0.33192248373074,"Stomach Adenocarcinoma","Primary Tumor vs Solid Tissue Normal"
"23",0.984313725490196,0.940074906367041,0.339823875845486,"Stomach Adenocarcinoma","Primary Tumor vs Solid Tissue Normal"
"24",0.980392156862745,0.93984962406015,0.374900928585175,"Stomach Adenocarcinoma","Primary Tumor vs Solid Tissue Normal"
"25",0.976470588235294,0.939622641509434,0.378255568527498,"Stomach Adenocarcinoma","Primary Tumor vs Solid Tissue Normal"
"26",0.972549019607843,0.939393939393939,0.453506395325494,"Stomach Adenocarcinoma","Primary Tumor vs Solid Tissue Normal"
"27",0.972549019607843,0.942965779467681,0.504973922579788,"Stomach Adenocarcinoma","Primary Tumor vs Solid Tissue Normal"
"28",0.968627450980392,0.942748091603053,0.517350952911489,"Stomach Adenocarcinoma","Primary Tumor vs Solid Tissue Normal"
"29",0.964705882352941,0.942528735632184,0.520881253054253,"Stomach Adenocarcinoma","Primary Tumor vs Solid Tissue Normal"
"30",0.96078431372549,0.942307692307692,0.522617494296635,"Stomach Adenocarcinoma","Primary Tumor vs Solid Tissue Normal"
"31",0.96078431372549,0.945945945945946,0.548837792542805,"Stomach Adenocarcinoma","Primary Tumor vs Solid Tissue Normal"
"32",0.956862745098039,0.945736434108527,0.554246615967434,"Stomach Adenocarcinoma","Primary Tumor vs Solid Tissue Normal"
"33",0.956862745098039,0.945736434108527,0.554246615967434,"Stomach Adenocarcinoma","Primary Tumor vs Solid Tissue Normal"
"34",0.952941176470588,0.945525291828794,0.554246615967434,"Stomach Adenocarcinoma","Primary Tumor vs Solid Tissue Normal"
"35",0.949019607843137,0.9453125,0.554246615967434,"Stomach Adenocarcinoma","Primary Tumor vs Solid Tissue Normal"
"36",0.949019607843137,0.9453125,0.558537853805953,"Stomach Adenocarcinoma","Primary Tumor vs Solid Tissue Normal"
"37",0.945098039215686,0.945098039215686,0.565816199594256,"Stomach Adenocarcinoma","Primary Tumor vs Solid Tissue Normal"
"38",0.941176470588235,0.94488188976378,0.579466117693167,"Stomach Adenocarcinoma","Primary Tumor vs Solid Tissue Normal"
"39",0.937254901960784,0.944664031620553,0.59154076352189,"Stomach Adenocarcinoma","Primary Tumor vs Solid Tissue Normal"
"40",0.933333333333333,0.944444444444444,0.619970578812706,"Stomach Adenocarcinoma","Primary Tumor vs Solid Tissue Normal"
"41",0.929411764705882,0.944223107569721,0.628264476111584,"Stomach Adenocarcinoma","Primary Tumor vs Solid Tissue Normal"
"42",0.929411764705882,0.948,0.635793168613317,"Stomach Adenocarcinoma","Primary Tumor vs Solid Tissue Normal"
"43",0.925490196078431,0.947791164658635,0.636452229945001,"Stomach Adenocarcinoma","Primary Tumor vs Solid Tissue Normal"
"44",0.92156862745098,0.94758064516129,0.640394820766903,"Stomach Adenocarcinoma","Primary Tumor vs Solid Tissue Normal"
"45",0.92156862745098,0.951417004048583,0.643207777261053,"Stomach Adenocarcinoma","Primary Tumor vs Solid Tissue Normal"
"46",0.92156862745098,0.955284552845528,0.64699706231141,"Stomach Adenocarcinoma","Primary Tumor vs Solid Tissue Normal"
"47",0.917647058823529,0.955102040816327,0.650199021188937,"Stomach Adenocarcinoma","Primary Tumor vs Solid Tissue Normal"
"48",0.913725490196078,0.954918032786885,0.67800867875679,"Stomach Adenocarcinoma","Primary Tumor vs Solid Tissue Normal"
"49",0.909803921568627,0.954732510288066,0.681750317595934,"Stomach Adenocarcinoma","Primary Tumor vs Solid Tissue Normal"
"50",0.905882352941176,0.954545454545455,0.694142628242591,"Stomach Adenocarcinoma","Primary Tumor vs Solid Tissue Normal"
"51",0.901960784313726,0.954356846473029,0.698946237164173,"Stomach Adenocarcinoma","Primary Tumor vs Solid Tissue Normal"
"52",0.898039215686275,0.954166666666667,0.712370888854656,"Stomach Adenocarcinoma","Primary Tumor vs Solid Tissue Normal"
"53",0.894117647058824,0.95397489539749,0.713563351145206,"Stomach Adenocarcinoma","Primary Tumor vs Solid Tissue Normal"
"54",0.890196078431372,0.953781512605042,0.713727416765842,"Stomach Adenocarcinoma","Primary Tumor vs Solid Tissue Normal"
"55",0.890196078431372,0.957805907172996,0.727271481675371,"Stomach Adenocarcinoma","Primary Tumor vs Solid Tissue Normal"
"56",0.886274509803922,0.957627118644068,0.732891353804154,"Stomach Adenocarcinoma","Primary Tumor vs Solid Tissue Normal"
"57",0.882352941176471,0.957446808510638,0.738667600767278,"Stomach Adenocarcinoma","Primary Tumor vs Solid Tissue Normal"
"58",0.87843137254902,0.957264957264957,0.738974044454339,"Stomach Adenocarcinoma","Primary Tumor vs Solid Tissue Normal"
"59",0.874509803921569,0.957081545064378,0.745916454280547,"Stomach Adenocarcinoma","Primary Tumor vs Solid Tissue Normal"
"60",0.870588235294118,0.956896551724138,0.756810059442834,"Stomach Adenocarcinoma","Primary Tumor vs Solid Tissue Normal"
"61",0.866666666666667,0.956709956709957,0.768103570344976,"Stomach Adenocarcinoma","Primary Tumor vs Solid Tissue Normal"
"62",0.866666666666667,0.960869565217391,0.773502138306454,"Stomach Adenocarcinoma","Primary Tumor vs Solid Tissue Normal"
"63",0.862745098039216,0.960698689956332,0.775710815407508,"Stomach Adenocarcinoma","Primary Tumor vs Solid Tissue Normal"
"64",0.858823529411765,0.960526315789474,0.780338494968904,"Stomach Adenocarcinoma","Primary Tumor vs Solid Tissue Normal"
"65",0.854901960784314,0.960352422907489,0.796989770228565,"Stomach Adenocarcinoma","Primary Tumor vs Solid Tissue Normal"
"66",0.850980392156863,0.960176991150443,0.79768956580659,"Stomach Adenocarcinoma","Primary Tumor vs Solid Tissue Normal"
"67",0.847058823529412,0.96,0.798214362966093,"Stomach Adenocarcinoma","Primary Tumor vs Solid Tissue Normal"
"68",0.843137254901961,0.959821428571429,0.801197065620683,"Stomach Adenocarcinoma","Primary Tumor vs Solid Tissue Normal"
"69",0.83921568627451,0.959641255605381,0.805749500462955,"Stomach Adenocarcinoma","Primary Tumor vs Solid Tissue Normal"
"70",0.835294117647059,0.959459459459459,0.810946504028894,"Stomach Adenocarcinoma","Primary Tumor vs Solid Tissue Normal"
"71",0.835294117647059,0.963800904977376,0.810983989407537,"Stomach Adenocarcinoma","Primary Tumor vs Solid Tissue Normal"
"72",0.835294117647059,0.968181818181818,0.812403191019454,"Stomach Adenocarcinoma","Primary Tumor vs Solid Tissue Normal"
"73",0.831372549019608,0.968036529680365,0.812580901805528,"Stomach Adenocarcinoma","Primary Tumor vs Solid Tissue Normal"
"74",0.827450980392157,0.967889908256881,0.816647647652461,"Stomach Adenocarcinoma","Primary Tumor vs Solid Tissue Normal"
"75",0.823529411764706,0.967741935483871,0.81851143050981,"Stomach Adenocarcinoma","Primary Tumor vs Solid Tissue Normal"
"76",0.819607843137255,0.967592592592593,0.826011641978735,"Stomach Adenocarcinoma","Primary Tumor vs Solid Tissue Normal"
"77",0.815686274509804,0.967441860465116,0.832410965816429,"Stomach Adenocarcinoma","Primary Tumor vs Solid Tissue Normal"
"78",0.811764705882353,0.967289719626168,0.833812580354099,"Stomach Adenocarcinoma","Primary Tumor vs Solid Tissue Normal"
"79",0.807843137254902,0.967136150234742,0.837382706581975,"Stomach Adenocarcinoma","Primary Tumor vs Solid Tissue Normal"
"80",0.803921568627451,0.966981132075472,0.839727068849151,"Stomach Adenocarcinoma","Primary Tumor vs Solid Tissue Normal"
"81",0.8,0.966824644549763,0.839729199155329,"Stomach Adenocarcinoma","Primary Tumor vs Solid Tissue Normal"
"82",0.796078431372549,0.966666666666667,0.842143443245893,"Stomach Adenocarcinoma","Primary Tumor vs Solid Tissue Normal"
"83",0.792156862745098,0.966507177033493,0.842427476047249,"Stomach Adenocarcinoma","Primary Tumor vs Solid Tissue Normal"
"84",0.788235294117647,0.966346153846154,0.847328604646876,"Stomach Adenocarcinoma","Primary Tumor vs Solid Tissue Normal"
"85",0.784313725490196,0.966183574879227,0.850041466873381,"Stomach Adenocarcinoma","Primary Tumor vs Solid Tissue Normal"
"86",0.780392156862745,0.966019417475728,0.855984126425909,"Stomach Adenocarcinoma","Primary Tumor vs Solid Tissue Normal"
"87",0.776470588235294,0.965853658536585,0.85773987138277,"Stomach Adenocarcinoma","Primary Tumor vs Solid Tissue Normal"
"88",0.772549019607843,0.965686274509804,0.863426519566449,"Stomach Adenocarcinoma","Primary Tumor vs Solid Tissue Normal"
"89",0.768627450980392,0.96551724137931,0.86421479500746,"Stomach Adenocarcinoma","Primary Tumor vs Solid Tissue Normal"
"90",0.764705882352941,0.965346534653465,0.865863858903191,"Stomach Adenocarcinoma","Primary Tumor vs Solid Tissue Normal"
"91",0.76078431372549,0.965174129353234,0.86605382925268,"Stomach Adenocarcinoma","Primary Tumor vs Solid Tissue Normal"
"92",0.756862745098039,0.965,0.866586403739647,"Stomach Adenocarcinoma","Primary Tumor vs Solid Tissue Normal"
"93",0.756862745098039,0.965,0.866586403739647,"Stomach Adenocarcinoma","Primary Tumor vs Solid Tissue Normal"
"94",0.752941176470588,0.964824120603015,0.866586403739647,"Stomach Adenocarcinoma","Primary Tumor vs Solid Tissue Normal"
"95",0.749019607843137,0.964646464646465,0.866586403739647,"Stomach Adenocarcinoma","Primary Tumor vs Solid Tissue Normal"
"96",0.749019607843137,0.964646464646465,0.86967561222389,"Stomach Adenocarcinoma","Primary Tumor vs Solid Tissue Normal"
"97",0.745098039215686,0.964467005076142,0.873987093180957,"Stomach Adenocarcinoma","Primary Tumor vs Solid Tissue Normal"
"98",0.741176470588235,0.964285714285714,0.877731568651561,"Stomach Adenocarcinoma","Primary Tumor vs Solid Tissue Normal"
"99",0.737254901960784,0.964102564102564,0.884481751160094,"Stomach Adenocarcinoma","Primary Tumor vs Solid Tissue Normal"
"100",0.733333333333333,0.963917525773196,0.885933319624267,"Stomach Adenocarcinoma","Primary Tumor vs Solid Tissue Normal"
"101",0.729411764705882,0.963730569948187,0.886000445198771,"Stomach Adenocarcinoma","Primary Tumor vs Solid Tissue Normal"
"102",0.725490196078431,0.963541666666667,0.886320858333073,"Stomach Adenocarcinoma","Primary Tumor vs Solid Tissue Normal"
"103",0.72156862745098,0.963350785340314,0.886505808971181,"Stomach Adenocarcinoma","Primary Tumor vs Solid Tissue Normal"
"104",0.72156862745098,0.968421052631579,0.887114153068398,"Stomach Adenocarcinoma","Primary Tumor vs Solid Tissue Normal"
"105",0.717647058823529,0.968253968253968,0.888042032562488,"Stomach Adenocarcinoma","Primary Tumor vs Solid Tissue Normal"
"106",0.713725490196078,0.968085106382979,0.889224732709125,"Stomach Adenocarcinoma","Primary Tumor vs Solid Tissue Normal"
"107",0.713725490196078,0.973262032085562,0.889275750926857,"Stomach Adenocarcinoma","Primary Tumor vs Solid Tissue Normal"
"108",0.709803921568627,0.973118279569892,0.891277412950194,"Stomach Adenocarcinoma","Primary Tumor vs Solid Tissue Normal"
"109",0.705882352941177,0.972972972972973,0.891630651484719,"Stomach Adenocarcinoma","Primary Tumor vs Solid Tissue Normal"
"110",0.701960784313725,0.972826086956522,0.891992955521053,"Stomach Adenocarcinoma","Primary Tumor vs Solid Tissue Normal"
"111",0.698039215686274,0.972677595628415,0.894005118854149,"Stomach Adenocarcinoma","Primary Tumor vs Solid Tissue Normal"
"112",0.694117647058824,0.972527472527473,0.894181896552671,"Stomach Adenocarcinoma","Primary Tumor vs Solid Tissue Normal"
"113",0.690196078431373,0.972375690607735,0.894204412917333,"Stomach Adenocarcinoma","Primary Tumor vs Solid Tissue Normal"
"114",0.686274509803922,0.972222222222222,0.895484366962536,"Stomach Adenocarcinoma","Primary Tumor vs Solid Tissue Normal"
"115",0.686274509803922,0.977653631284916,0.896468434347238,"Stomach Adenocarcinoma","Primary Tumor vs Solid Tissue Normal"
"116",0.682352941176471,0.97752808988764,0.897458588590244,"Stomach Adenocarcinoma","Primary Tumor vs Solid Tissue Normal"
"117",0.67843137254902,0.977401129943503,0.898544612640062,"Stomach Adenocarcinoma","Primary Tumor vs Solid Tissue Normal"
"118",0.674509803921569,0.977272727272727,0.899908392092096,"Stomach Adenocarcinoma","Primary Tumor vs Solid Tissue Normal"
"119",0.670588235294118,0.977142857142857,0.900248062736602,"Stomach Adenocarcinoma","Primary Tumor vs Solid Tissue Normal"
"120",0.666666666666667,0.977011494252874,0.901601756106115,"Stomach Adenocarcinoma","Primary Tumor vs Solid Tissue Normal"
"121",0.662745098039216,0.976878612716763,0.902214358503821,"Stomach Adenocarcinoma","Primary Tumor vs Solid Tissue Normal"
"122",0.658823529411765,0.976744186046512,0.904840930242528,"Stomach Adenocarcinoma","Primary Tumor vs Solid Tissue Normal"
"123",0.654901960784314,0.976608187134503,0.90558577026995,"Stomach Adenocarcinoma","Primary Tumor vs Solid Tissue Normal"
"124",0.650980392156863,0.976470588235294,0.90603724031102,"Stomach Adenocarcinoma","Primary Tumor vs Solid Tissue Normal"
"125",0.647058823529412,0.976331360946746,0.907824655019017,"Stomach Adenocarcinoma","Primary Tumor vs Solid Tissue Normal"
"126",0.643137254901961,0.976190476190476,0.908455796075088,"Stomach Adenocarcinoma","Primary Tumor vs Solid Tissue Normal"
"127",0.63921568627451,0.976047904191617,0.90870339381691,"Stomach Adenocarcinoma","Primary Tumor vs Solid Tissue Normal"
"128",0.635294117647059,0.975903614457831,0.90896934806001,"Stomach Adenocarcinoma","Primary Tumor vs Solid Tissue Normal"
"129",0.635294117647059,0.975903614457831,0.90896934806001,"Stomach Adenocarcinoma","Primary Tumor vs Solid Tissue Normal"
"130",0.631372549019608,0.975757575757576,0.90896934806001,"Stomach Adenocarcinoma","Primary Tumor vs Solid Tissue Normal"
"131",0.627450980392157,0.975609756097561,0.90896934806001,"Stomach Adenocarcinoma","Primary Tumor vs Solid Tissue Normal"
"132",0.627450980392157,0.975609756097561,0.909482415061894,"Stomach Adenocarcinoma","Primary Tumor vs Solid Tissue Normal"
"133",0.623529411764706,0.975460122699387,0.909790676260519,"Stomach Adenocarcinoma","Primary Tumor vs Solid Tissue Normal"
"134",0.619607843137255,0.975308641975309,0.910193263999499,"Stomach Adenocarcinoma","Primary Tumor vs Solid Tissue Normal"
"135",0.615686274509804,0.975155279503106,0.910924309857817,"Stomach Adenocarcinoma","Primary Tumor vs Solid Tissue Normal"
"136",0.611764705882353,0.975,0.911574440678163,"Stomach Adenocarcinoma","Primary Tumor vs Solid Tissue Normal"
"137",0.607843137254902,0.974842767295597,0.912230445726875,"Stomach Adenocarcinoma","Primary Tumor vs Solid Tissue Normal"
"138",0.603921568627451,0.974683544303797,0.91259424800638,"Stomach Adenocarcinoma","Primary Tumor vs Solid Tissue Normal"
"139",0.6,0.974522292993631,0.914424477389278,"Stomach Adenocarcinoma","Primary Tumor vs Solid Tissue Normal"
"140",0.596078431372549,0.974358974358974,0.915593448446096,"Stomach Adenocarcinoma","Primary Tumor vs Solid Tissue Normal"
"141",0.592156862745098,0.974193548387097,0.917100831766572,"Stomach Adenocarcinoma","Primary Tumor vs Solid Tissue Normal"
"142",0.588235294117647,0.974025974025974,0.91757136195403,"Stomach Adenocarcinoma","Primary Tumor vs Solid Tissue Normal"
"143",0.584313725490196,0.973856209150327,0.918255780727449,"Stomach Adenocarcinoma","Primary Tumor vs Solid Tissue Normal"
"144",0.584313725490196,0.980263157894737,0.920014936726578,"Stomach Adenocarcinoma","Primary Tumor vs Solid Tissue Normal"
"145",0.580392156862745,0.980132450331126,0.920059340266901,"Stomach Adenocarcinoma","Primary Tumor vs Solid Tissue Normal"
"146",0.576470588235294,0.98,0.920345357330401,"Stomach Adenocarcinoma","Primary Tumor vs Solid Tissue Normal"
"147",0.572549019607843,0.979865771812081,0.920685571574176,"Stomach Adenocarcinoma","Primary Tumor vs Solid Tissue Normal"
"148",0.568627450980392,0.97972972972973,0.921527527113713,"Stomach Adenocarcinoma","Primary Tumor vs Solid Tissue Normal"
"149",0.564705882352941,0.979591836734694,0.923016524891588,"Stomach Adenocarcinoma","Primary Tumor vs Solid Tissue Normal"
"150",0.56078431372549,0.979452054794521,0.923663783767962,"Stomach Adenocarcinoma","Primary Tumor vs Solid Tissue Normal"
"151",0.556862745098039,0.979310344827586,0.923955846495679,"Stomach Adenocarcinoma","Primary Tumor vs Solid Tissue Normal"
"152",0.552941176470588,0.979166666666667,0.924302269204674,"Stomach Adenocarcinoma","Primary Tumor vs Solid Tissue Normal"
"153",0.549019607843137,0.979020979020979,0.924455136993607,"Stomach Adenocarcinoma","Primary Tumor vs Solid Tissue Normal"
"154",0.545098039215686,0.97887323943662,0.925643847561121,"Stomach Adenocarcinoma","Primary Tumor vs Solid Tissue Normal"
"155",0.541176470588235,0.978723404255319,0.925777108250756,"Stomach Adenocarcinoma","Primary Tumor vs Solid Tissue Normal"
"156",0.537254901960784,0.978571428571429,0.926740673581038,"Stomach Adenocarcinoma","Primary Tumor vs Solid Tissue Normal"
"157",0.537254901960784,0.985611510791367,0.928117116556989,"Stomach Adenocarcinoma","Primary Tumor vs Solid Tissue Normal"
"158",0.533333333333333,0.985507246376812,0.929773329222332,"Stomach Adenocarcinoma","Primary Tumor vs Solid Tissue Normal"
"159",0.529411764705882,0.985401459854015,0.93000013172487,"Stomach Adenocarcinoma","Primary Tumor vs Solid Tissue Normal"
"160",0.525490196078431,0.985294117647059,0.930001180608696,"Stomach Adenocarcinoma","Primary Tumor vs Solid Tissue Normal"
"161",0.52156862745098,0.985185185185185,0.930243284660024,"Stomach Adenocarcinoma","Primary Tumor vs Solid Tissue Normal"
"162",0.517647058823529,0.985074626865672,0.931000100395736,"Stomach Adenocarcinoma","Primary Tumor vs Solid Tissue Normal"
"163",0.513725490196078,0.984962406015038,0.93160294234511,"Stomach Adenocarcinoma","Primary Tumor vs Solid Tissue Normal"
"164",0.509803921568627,0.984848484848485,0.932389540338305,"Stomach Adenocarcinoma","Primary Tumor vs Solid Tissue Normal"
"165",0.505882352941176,0.984732824427481,0.934078360395373,"Stomach Adenocarcinoma","Primary Tumor vs Solid Tissue Normal"
"166",0.501960784313725,0.984615384615385,0.934149239132212,"Stomach Adenocarcinoma","Primary Tumor vs Solid Tissue Normal"
"167",0.501960784313725,0.984615384615385,0.934149239132212,"Stomach Adenocarcinoma","Primary Tumor vs Solid Tissue Normal"
"168",0.498039215686275,0.984496124031008,0.934149239132212,"Stomach Adenocarcinoma","Primary Tumor vs Solid Tissue Normal"
"169",0.494117647058824,0.984375,0.934149239132212,"Stomach Adenocarcinoma","Primary Tumor vs Solid Tissue Normal"
"170",0.494117647058824,0.984375,0.93427799195761,"Stomach Adenocarcinoma","Primary Tumor vs Solid Tissue Normal"
"171",0.490196078431373,0.984251968503937,0.93496501485325,"Stomach Adenocarcinoma","Primary Tumor vs Solid Tissue Normal"
"172",0.486274509803922,0.984126984126984,0.935230895258989,"Stomach Adenocarcinoma","Primary Tumor vs Solid Tissue Normal"
"173",0.486274509803922,0.992,0.936146893077981,"Stomach Adenocarcinoma","Primary Tumor vs Solid Tissue Normal"
"174",0.486274509803922,1,0.937087057261354,"Stomach Adenocarcinoma","Primary Tumor vs Solid Tissue Normal"
"175",0.482352941176471,1,0.93903986330939,"Stomach Adenocarcinoma","Primary Tumor vs Solid Tissue Normal"
"176",0.474509803921569,1,0.939143721581014,"Stomach Adenocarcinoma","Primary Tumor vs Solid Tissue Normal"
"177",0.470588235294118,1,0.939356059057788,"Stomach Adenocarcinoma","Primary Tumor vs Solid Tissue Normal"
"178",0.466666666666667,1,0.939611780269857,"Stomach Adenocarcinoma","Primary Tumor vs Solid Tissue Normal"
"179",0.462745098039216,1,0.941047741206468,"Stomach Adenocarcinoma","Primary Tumor vs Solid Tissue Normal"
"180",0.458823529411765,1,0.941068727311474,"Stomach Adenocarcinoma","Primary Tumor vs Solid Tissue Normal"
"181",0.454901960784314,1,0.941212817793141,"Stomach Adenocarcinoma","Primary Tumor vs Solid Tissue Normal"
"182",0.450980392156863,1,0.941953914709039,"Stomach Adenocarcinoma","Primary Tumor vs Solid Tissue Normal"
"183",0.447058823529412,1,0.942494595763603,"Stomach Adenocarcinoma","Primary Tumor vs Solid Tissue Normal"
"184",0.443137254901961,1,0.942822438928442,"Stomach Adenocarcinoma","Primary Tumor vs Solid Tissue Normal"
"185",0.43921568627451,1,0.943426357931618,"Stomach Adenocarcinoma","Primary Tumor vs Solid Tissue Normal"
"186",0.435294117647059,1,0.943683779704137,"Stomach Adenocarcinoma","Primary Tumor vs Solid Tissue Normal"
"187",0.431372549019608,1,0.94400039293588,"Stomach Adenocarcinoma","Primary Tumor vs Solid Tissue Normal"
"188",0.427450980392157,1,0.944492885704011,"Stomach Adenocarcinoma","Primary Tumor vs Solid Tissue Normal"
"189",0.423529411764706,1,0.94510501447887,"Stomach Adenocarcinoma","Primary Tumor vs Solid Tissue Normal"
"190",0.419607843137255,1,0.945489218208365,"Stomach Adenocarcinoma","Primary Tumor vs Solid Tissue Normal"
"191",0.415686274509804,1,0.945491037207558,"Stomach Adenocarcinoma","Primary Tumor vs Solid Tissue Normal"
"192",0.411764705882353,1,0.946284171998502,"Stomach Adenocarcinoma","Primary Tumor vs Solid Tissue Normal"
"193",0.407843137254902,1,0.946549449682922,"Stomach Adenocarcinoma","Primary Tumor vs Solid Tissue Normal"
"194",0.403921568627451,1,0.946809056142424,"Stomach Adenocarcinoma","Primary Tumor vs Solid Tissue Normal"
"195",0.4,1,0.947946397481358,"Stomach Adenocarcinoma","Primary Tumor vs Solid Tissue Normal"
"196",0.396078431372549,1,0.948286916739574,"Stomach Adenocarcinoma","Primary Tumor vs Solid Tissue Normal"
"197",0.392156862745098,1,0.948537784270747,"Stomach Adenocarcinoma","Primary Tumor vs Solid Tissue Normal"
"198",0.388235294117647,1,0.949378624477209,"Stomach Adenocarcinoma","Primary Tumor vs Solid Tissue Normal"
"199",0.384313725490196,1,0.950912466761198,"Stomach Adenocarcinoma","Primary Tumor vs Solid Tissue Normal"
"200",0.380392156862745,1,0.951168241934285,"Stomach Adenocarcinoma","Primary Tumor vs Solid Tissue Normal"
"201",0.376470588235294,1,0.951600054565031,"Stomach Adenocarcinoma","Primary Tumor vs Solid Tissue Normal"
"202",0.372549019607843,1,0.951640967237462,"Stomach Adenocarcinoma","Primary Tumor vs Solid Tissue Normal"
"203",0.368627450980392,1,0.952279875054466,"Stomach Adenocarcinoma","Primary Tumor vs Solid Tissue Normal"
"204",0.364705882352941,1,0.952369403614305,"Stomach Adenocarcinoma","Primary Tumor vs Solid Tissue Normal"
"205",0.36078431372549,1,0.953870843955694,"Stomach Adenocarcinoma","Primary Tumor vs Solid Tissue Normal"
"206",0.356862745098039,1,0.954381411268014,"Stomach Adenocarcinoma","Primary Tumor vs Solid Tissue Normal"
"207",0.352941176470588,1,0.957127082237528,"Stomach Adenocarcinoma","Primary Tumor vs Solid Tissue Normal"
"208",0.349019607843137,1,0.957313538187307,"Stomach Adenocarcinoma","Primary Tumor vs Solid Tissue Normal"
"209",0.345098039215686,1,0.958020585141032,"Stomach Adenocarcinoma","Primary Tumor vs Solid Tissue Normal"
"210",0.341176470588235,1,0.958276660029912,"Stomach Adenocarcinoma","Primary Tumor vs Solid Tissue Normal"
"211",0.337254901960784,1,0.958393917010896,"Stomach Adenocarcinoma","Primary Tumor vs Solid Tissue Normal"
"212",0.333333333333333,1,0.958690763014442,"Stomach Adenocarcinoma","Primary Tumor vs Solid Tissue Normal"
"213",0.329411764705882,1,0.958956223652994,"Stomach Adenocarcinoma","Primary Tumor vs Solid Tissue Normal"
"214",0.325490196078431,1,0.958997435693066,"Stomach Adenocarcinoma","Primary Tumor vs Solid Tissue Normal"
"215",0.32156862745098,1,0.959150347282234,"Stomach Adenocarcinoma","Primary Tumor vs Solid Tissue Normal"
"216",0.317647058823529,1,0.959333545026499,"Stomach Adenocarcinoma","Primary Tumor vs Solid Tissue Normal"
"217",0.313725490196078,1,0.959690002506071,"Stomach Adenocarcinoma","Primary Tumor vs Solid Tissue Normal"
"218",0.309803921568627,1,0.960735219260914,"Stomach Adenocarcinoma","Primary Tumor vs Solid Tissue Normal"
"219",0.305882352941176,1,0.960815557337497,"Stomach Adenocarcinoma","Primary Tumor vs Solid Tissue Normal"
"220",0.301960784313725,1,0.961842384180529,"Stomach Adenocarcinoma","Primary Tumor vs Solid Tissue Normal"
"221",0.298039215686275,1,0.962115477086047,"Stomach Adenocarcinoma","Primary Tumor vs Solid Tissue Normal"
"222",0.294117647058824,1,0.96511296422823,"Stomach Adenocarcinoma","Primary Tumor vs Solid Tissue Normal"
"223",0.290196078431373,1,0.965320621491202,"Stomach Adenocarcinoma","Primary Tumor vs Solid Tissue Normal"
"224",0.286274509803922,1,0.965386764912894,"Stomach Adenocarcinoma","Primary Tumor vs Solid Tissue Normal"
"225",0.282352941176471,1,0.965461927093073,"Stomach Adenocarcinoma","Primary Tumor vs Solid Tissue Normal"
"226",0.27843137254902,1,0.966036069094637,"Stomach Adenocarcinoma","Primary Tumor vs Solid Tissue Normal"
"227",0.274509803921569,1,0.966510046073929,"Stomach Adenocarcinoma","Primary Tumor vs Solid Tissue Normal"
"228",0.270588235294118,1,0.96673155406283,"Stomach Adenocarcinoma","Primary Tumor vs Solid Tissue Normal"
"229",0.266666666666667,1,0.967288782205337,"Stomach Adenocarcinoma","Primary Tumor vs Solid Tissue Normal"
"230",0.262745098039216,1,0.968974547611914,"Stomach Adenocarcinoma","Primary Tumor vs Solid Tissue Normal"
"231",0.258823529411765,1,0.968980541600481,"Stomach Adenocarcinoma","Primary Tumor vs Solid Tissue Normal"
"232",0.254901960784314,1,0.96904897569034,"Stomach Adenocarcinoma","Primary Tumor vs Solid Tissue Normal"
"233",0.250980392156863,1,0.970211615882786,"Stomach Adenocarcinoma","Primary Tumor vs Solid Tissue Normal"
"234",0.243137254901961,1,0.970244875420716,"Stomach Adenocarcinoma","Primary Tumor vs Solid Tissue Normal"
"235",0.23921568627451,1,0.970473958168831,"Stomach Adenocarcinoma","Primary Tumor vs Solid Tissue Normal"
"236",0.235294117647059,1,0.970584433602101,"Stomach Adenocarcinoma","Primary Tumor vs Solid Tissue Normal"
"237",0.231372549019608,1,0.970723513818498,"Stomach Adenocarcinoma","Primary Tumor vs Solid Tissue Normal"
"238",0.227450980392157,1,0.970916945957532,"Stomach Adenocarcinoma","Primary Tumor vs Solid Tissue Normal"
"239",0.223529411764706,1,0.971492685652898,"Stomach Adenocarcinoma","Primary Tumor vs Solid Tissue Normal"
"240",0.219607843137255,1,0.972168570415836,"Stomach Adenocarcinoma","Primary Tumor vs Solid Tissue Normal"
"241",0.215686274509804,1,0.972169802798579,"Stomach Adenocarcinoma","Primary Tumor vs Solid Tissue Normal"
"242",0.211764705882353,1,0.97254576903286,"Stomach Adenocarcinoma","Primary Tumor vs Solid Tissue Normal"
"243",0.207843137254902,1,0.972901826783613,"Stomach Adenocarcinoma","Primary Tumor vs Solid Tissue Normal"
"244",0.203921568627451,1,0.973186005016337,"Stomach Adenocarcinoma","Primary Tumor vs Solid Tissue Normal"
"245",0.2,1,0.973328872399268,"Stomach Adenocarcinoma","Primary Tumor vs Solid Tissue Normal"
"246",0.196078431372549,1,0.973925673773452,"Stomach Adenocarcinoma","Primary Tumor vs Solid Tissue Normal"
"247",0.192156862745098,1,0.974197058298392,"Stomach Adenocarcinoma","Primary Tumor vs Solid Tissue Normal"
"248",0.188235294117647,1,0.974532089501416,"Stomach Adenocarcinoma","Primary Tumor vs Solid Tissue Normal"
"249",0.180392156862745,1,0.97470944209282,"Stomach Adenocarcinoma","Primary Tumor vs Solid Tissue Normal"
"250",0.176470588235294,1,0.975651608764672,"Stomach Adenocarcinoma","Primary Tumor vs Solid Tissue Normal"
"251",0.172549019607843,1,0.975996760479087,"Stomach Adenocarcinoma","Primary Tumor vs Solid Tissue Normal"
"252",0.168627450980392,1,0.977271889007814,"Stomach Adenocarcinoma","Primary Tumor vs Solid Tissue Normal"
"253",0.164705882352941,1,0.977460325238591,"Stomach Adenocarcinoma","Primary Tumor vs Solid Tissue Normal"
"254",0.16078431372549,1,0.977568555888213,"Stomach Adenocarcinoma","Primary Tumor vs Solid Tissue Normal"
"255",0.156862745098039,1,0.978291296812419,"Stomach Adenocarcinoma","Primary Tumor vs Solid Tissue Normal"
"256",0.152941176470588,1,0.97864282741451,"Stomach Adenocarcinoma","Primary Tumor vs Solid Tissue Normal"
"257",0.149019607843137,1,0.978723914237912,"Stomach Adenocarcinoma","Primary Tumor vs Solid Tissue Normal"
"258",0.145098039215686,1,0.978830094743054,"Stomach Adenocarcinoma","Primary Tumor vs Solid Tissue Normal"
"259",0.137254901960784,1,0.979589025319526,"Stomach Adenocarcinoma","Primary Tumor vs Solid Tissue Normal"
"260",0.133333333333333,1,0.979709754310016,"Stomach Adenocarcinoma","Primary Tumor vs Solid Tissue Normal"
"261",0.129411764705882,1,0.980163403678175,"Stomach Adenocarcinoma","Primary Tumor vs Solid Tissue Normal"
"262",0.125490196078431,1,0.980235410475847,"Stomach Adenocarcinoma","Primary Tumor vs Solid Tissue Normal"
"263",0.12156862745098,1,0.980271135728511,"Stomach Adenocarcinoma","Primary Tumor vs Solid Tissue Normal"
"264",0.117647058823529,1,0.980319475111483,"Stomach Adenocarcinoma","Primary Tumor vs Solid Tissue Normal"
"265",0.113725490196078,1,0.980424523400928,"Stomach Adenocarcinoma","Primary Tumor vs Solid Tissue Normal"
"266",0.109803921568627,1,0.980506429038594,"Stomach Adenocarcinoma","Primary Tumor vs Solid Tissue Normal"
"267",0.105882352941176,1,0.980708380768958,"Stomach Adenocarcinoma","Primary Tumor vs Solid Tissue Normal"
"268",0.101960784313725,1,0.981219235248347,"Stomach Adenocarcinoma","Primary Tumor vs Solid Tissue Normal"
"269",0.0980392156862745,1,0.981398165040075,"Stomach Adenocarcinoma","Primary Tumor vs Solid Tissue Normal"
"270",0.0941176470588235,1,0.98161733346464,"Stomach Adenocarcinoma","Primary Tumor vs Solid Tissue Normal"
"271",0.0901960784313725,1,0.982302559295763,"Stomach Adenocarcinoma","Primary Tumor vs Solid Tissue Normal"
"272",0.0862745098039216,1,0.982855077236793,"Stomach Adenocarcinoma","Primary Tumor vs Solid Tissue Normal"
"273",0.0823529411764706,1,0.983040922443583,"Stomach Adenocarcinoma","Primary Tumor vs Solid Tissue Normal"
"274",0.0784313725490196,1,0.983074549725808,"Stomach Adenocarcinoma","Primary Tumor vs Solid Tissue Normal"
"275",0.0745098039215686,1,0.983101506654427,"Stomach Adenocarcinoma","Primary Tumor vs Solid Tissue Normal"
"276",0.0705882352941176,1,0.983171822740341,"Stomach Adenocarcinoma","Primary Tumor vs Solid Tissue Normal"
"277",0.0666666666666667,1,0.984094979610718,"Stomach Adenocarcinoma","Primary Tumor vs Solid Tissue Normal"
"278",0.0627450980392157,1,0.984620862324329,"Stomach Adenocarcinoma","Primary Tumor vs Solid Tissue Normal"
"279",0.0588235294117647,1,0.984910688643621,"Stomach Adenocarcinoma","Primary Tumor vs Solid Tissue Normal"
"280",0.0549019607843137,1,0.985997844936667,"Stomach Adenocarcinoma","Primary Tumor vs Solid Tissue Normal"
"281",0.0509803921568627,1,0.986295270494394,"Stomach Adenocarcinoma","Primary Tumor vs Solid Tissue Normal"
"282",0.0470588235294118,1,0.987397330668607,"Stomach Adenocarcinoma","Primary Tumor vs Solid Tissue Normal"
"283",0.0431372549019608,1,0.988552250151247,"Stomach Adenocarcinoma","Primary Tumor vs Solid Tissue Normal"
"284",0.0392156862745098,1,0.988587610940781,"Stomach Adenocarcinoma","Primary Tumor vs Solid Tissue Normal"
"285",0.0352941176470588,1,0.988617668853394,"Stomach Adenocarcinoma","Primary Tumor vs Solid Tissue Normal"
"286",0.0313725490196078,1,0.989647257136901,"Stomach Adenocarcinoma","Primary Tumor vs Solid Tissue Normal"
"287",0.0274509803921569,1,0.990230313564476,"Stomach Adenocarcinoma","Primary Tumor vs Solid Tissue Normal"
"288",0.0235294117647059,1,0.99054555425809,"Stomach Adenocarcinoma","Primary Tumor vs Solid Tissue Normal"
"289",0.0196078431372549,1,0.991086498016927,"Stomach Adenocarcinoma","Primary Tumor vs Solid Tissue Normal"
"290",0.0156862745098039,1,0.991492777580501,"Stomach Adenocarcinoma","Primary Tumor vs Solid Tissue Normal"
"291",0.0117647058823529,1,0.99555256222196,"Stomach Adenocarcinoma","Primary Tumor vs Solid Tissue Normal"
"292",0.00784313725490196,1,0.996262541287969,"Stomach Adenocarcinoma","Primary Tumor vs Solid Tissue Normal"
"293",0.00392156862745098,1,0.997037692299182,"Stomach Adenocarcinoma","Primary Tumor vs Solid Tissue Normal"
"294",0,1,0.997037692299182,"Stomach Adenocarcinoma","Primary Tumor vs Solid Tissue Normal"
